Farmer_ID,Crop,Yield,Temperature,Inventory,Pesticide,Price
F00001,cabbages,8120.4,23.503,2.0,59.64,2980.0
F00002,chicory roots,34710.1,11.8993,5.0,65.15,4481.0
F00003,agave fibres raw n e c,942.3,23.1144,10.0,51.98,2700.0
F00004,mothbeans,167.0,29.9884,7.0,43.44,3810.0
F00005,karite nuts,1731.2,21.8013,48.0,43.36,4305.0
F00006,maize,5076.3,24.8402,26.0,33.06,2000.0
F00007,jowar,1038.4,28.9186,13.0,10.24,2350.0
F00008,sesame seed,1677.3,22.2174,9.0,61.75,5420.0
F00009,raw milk of buffalo,5000.0,23.2925,13.0,45.27,3750.0
F00010,hop cones,1227.2,27.7168,2.0,19.62,2445.0
F00011,mangoes guavas and mangosteens,7183.9,18.4789,5.0,50.35,2252.0
F00012,other stone fruits,1873.0,22.4408,16.0,52.65,2850.0
F00013,unmanufactured tobacco,377.1,41.3133,8.0,48.76,4500.0
F00014,pomegranate,3955.9,22.9205,12.0,61.88,8525.0
F00015,lentil,18.0,24.9108,4.0,52.4,6900.0
F00016,lentil,6808.7,21.3638,68.0,27.29,6248.0
F00017,peas green,6000.0,27.6982,28.0,69.36,4020.0
F00018,castor oil seeds,1818.2,24.4131,2.0,25.46,5625.0
F00019,other vegetables fresh n e c,3489.7,25.6732,16.0,52.33,6950.0
F00020,fonio,645.2,22.9639,6.0,33.69,2885.0
F00021,pears,9253.8,31.2999,26.0,44.38,4205.0
F00022,roots and tubers total,11240.5,24.7224,3.0,43.87,5200.0
F00023,avocados,6384.2,33.804,2.0,12.15,4350.0
F00024,raspberries,4490.7,23.5588,2.0,20.72,19900.0
F00025,plantains and cooking bananas,2214.1,27.6089,44.0,33.19,1650.0
F00026,lemons and limes,19086.4,23.986,2.0,46.17,9020.0
F00027,gooseberries,5833.3,31.3573,10.0,15.93,4145.0
F00028,avocados,5105.5,35.3999,24.0,29.99,7625.0
F00029,chicory roots,22223.3,29.541,2.0,46.66,2280.0
F00030,taro,4058.6,19.5413,7.0,66.83,1735.0
F00031,raw hides and skins of buffaloes,253.0,23.3591,7.0,52.02,4412.0
F00032,quinoa,1345.1,25.6858,22.0,47.91,3400.0
F00033,triticale,5882.5,27.6355,26.0,32.72,7045.0
F00034,green garlic,7730.1,18.9942,4.0,67.04,5371.0
F00035,gooseberries,3786.1,26.2237,32.0,64.93,5475.0
F00036,buckwheat,1424.7,29.0842,7.0,68.98,1195.0
F00037,hop cones,1227.2,24.995,11.0,62.6,6900.0
F00038,cashewapple,3790.7,34.1772,2.0,31.12,7300.0
F00039,cauliflowers and broccoli,19112.4,27.6726,13.0,68.2,4300.0
F00040,hazelnuts in shell,281.6,21.2543,10.0,19.5,6900.0
F00041,rye,1098.2,21.5335,6.0,24.19,5500.0
F00042,mixed grain,1500.0,23.4799,11.0,17.64,2524.0
F00043,cranberries,2188.5,27.1616,24.0,53.76,2110.0
F00044,abaca manila hemp raw,462.3,23.986,144.0,34.51,4000.0
F00045,rye,3201.0,27.6675,2.0,65.14,2155.0
F00046,muskmelon,1475.0,29.5566,40.0,17.65,4280.0
F00047,currants,5000.0,23.1712,4.0,60.15,2320.0
F00048,cabbage,35948.6,27.6089,2.0,24.3,820.0
F00049,broad beans and horse beans dry,2140.8,23.7509,22.0,56.25,4200.0
F00050,banana,7870.6,26.3986,8.0,37.5,2070.0
F00051,chickpea,473.7,20.6543,50.0,56.47,1250.0
F00052,tea leaves,2061.7,18.8334,2.0,52.5,6350.0
F00053,cashewapple,4405.4,25.4006,9.0,29.4,4000.0
F00054,blackgram,11.0,27.8133,32.0,39.92,6090.0
F00055,unmanufactured tobacco,1016.1,29.6924,36.0,13.31,7200.0
F00056,other sugar crops n e c,11329.7,20.5734,54.0,49.87,5350.0
F00057,ginger raw,12256.3,28.5238,7.0,47.54,1775.0
F00058,eggs from other birds in shell fresh n e c,154.0,19.0438,2.0,56.23,3583.0
F00059,maize,4971.9,23.503,40.0,67.18,1900.0
F00060,tomatoes,50227.3,35.4579,98.0,51.37,15100.0
F00061,pineapples,38944.4,22.7277,18.0,41.26,2600.0
F00062,mangoes guavas and mangosteens,7183.9,31.5585,48.0,17.76,5400.0
F00063,quinces,4758.8,26.5168,2.0,22.94,2750.0
F00064,oilcrops oil equivalent,124.7,28.6602,2.0,56.57,1750.0
F00065,hen eggs in shell fresh,258.0,19.2446,26.0,56.37,3010.0
F00066,raspberries,7869.7,25.6015,52.0,25.02,3100.0
F00067,eggplants,37310.9,28.5042,44.0,45.04,5430.0
F00068,vetches,2501.0,18.4165,44.0,16.66,2430.0
F00069,cereals n e c,3278.6,23.5022,8.0,21.9,4795.0
F00070,taro,7654.8,25.2827,22.0,44.13,4980.0
F00071,sour cherries,4762.6,18.9022,22.0,34.56,6100.0
F00072,gooseberries,5846.2,20.2694,2.0,11.36,1550.0
F00073,asparagus,11794.4,18.5767,24.0,67.32,1460.0
F00074,hazelnuts in shell,1804.5,24.3127,26.0,23.41,4100.0
F00075,carrots and turnips,22914.6,31.5585,6.0,10.97,5600.0
F00076,sunflower seed,1853.5,18.7299,2.0,55.26,10000.0
F00077,persimmons,7127.7,31.4685,80.0,23.39,6700.0
F00078,true hemp raw or retted,12600.0,29.9306,14.0,23.08,1850.0
F00079,peaches and nectarines,18610.6,19.0781,2.0,31.57,1040.0
F00080,pepper raw,3239.7,12.1419,28.0,65.48,3705.0
F00081,other vegetables fresh n e c,7417.0,27.0906,24.0,53.5,2000.0
F00082,almonds in shell,3238.6,18.3136,16.0,62.47,7652.0
F00083,unmanufactured tobacco,2296.9,27.5427,11.0,58.89,2425.0
F00084,yams,8470.1,27.1616,2.0,66.8,16625.0
F00085,chestnuts in shell,1163.4,23.4124,6.0,54.87,2975.0
F00086,grape,9348.6,21.1934,50.0,48.05,3975.0
F00087,papayas,11452.4,18.4741,20.0,25.49,2510.0
F00088,eggplants,124000.0,29.8923,2.0,62.67,1800.0
F00089,cassava fresh,16998.7,23.2862,54.0,12.59,1615.0
F00090,pistachios in shell,461.7,20.1302,4.0,68.22,2030.0
F00091,grape,1419.8,8.8257,26.0,67.38,1700.0
F00092,cherries,6103.4,38.3823,26.0,44.78,9488.0
F00093,tallowtree seeds,2470.4,29.2039,15.0,32.88,2500.0
F00094,pigeon peas dry,720.7,26.031,44.0,30.12,2810.0
F00095,areca nuts,3637.3,27.5391,9.0,18.05,1775.0
F00096,raw milk of sheep,405.0,19.5575,7.0,45.04,6545.0
F00097,brinjal,309.0,26.8249,6.0,57.75,1230.0
F00098,anise badian coriander cumin caraway fennel and juniper berries raw,9349.2,23.6537,28.0,24.2,6538.0
F00099,pumpkins squash and gourds,20200.0,29.7715,6.0,54.0,7100.0
F00100,okra,7853.5,43.6755,10.0,53.36,7514.0
F00101,eggplants,5208.2,26.0397,9.0,56.51,7120.0
F00102,broad beans and horse beans dry,1360.2,25.7304,56.0,36.27,4971.0
F00103,persimmons,7127.7,23.8307,22.0,46.71,5250.0
F00104,locust beans,2283.0,24.9945,6.0,58.92,2400.0
F00105,grape,7296.5,21.7747,9.0,62.19,2190.0
F00106,hempseed,0.0,29.6723,40.0,19.3,2310.0
F00107,walnuts in shell,1881.1,29.2609,11.0,27.93,4500.0
F00108,oats,2306.1,34.8725,10.0,62.93,4040.0
F00109,papaya,38757.3,24.6368,2.0,68.5,2500.0
F00110,apple,6666.3,21.1148,22.0,64.98,4470.0
F00111,blackgram,904.4,28.4954,68.0,21.73,4500.0
F00112,chillies and peppers dry raw,4089.4,29.246,24.0,18.34,4565.0
F00113,eggs primary,143255.0,25.7629,2.0,11.78,3800.0
F00114,cashew nuts in shell,289.5,24.8544,18.0,12.37,6315.0
F00115,cucumbers and gherkins,20000.0,24.8891,6.0,56.25,4550.0
F00116,lupins,1000.0,17.9278,6.0,47.08,5760.0
F00117,raw milk of sheep,656.0,23.8609,8.0,41.54,2535.0
F00118,quinoa,1803.3,24.4435,50.0,12.69,2800.0
F00119,cow peas dry,494.0,28.706,2.0,14.84,3810.0
F00120,jute raw or retted,1420.4,22.6265,6.0,40.55,7500.0
F00121,other stimulant spice and aromatic crops n e c,1672.2,29.7701,28.0,14.62,3200.0
F00122,rape or colza seed,1801.1,30.4124,28.0,11.98,1435.0
F00123,chilli,2965.9,23.062,6.0,48.46,4220.0
F00124,abaca manila hemp raw,1166.6,29.8074,6.0,38.0,4360.0
F00125,anise badian coriander cumin caraway fennel and juniper berries raw,738.1,32.6807,26.0,16.55,2475.0
F00126,banana,8639.4,26.2101,7.0,61.08,2465.0
F00127,pulses total,1953.2,10.1643,24.0,58.95,5900.0
F00128,raw milk of cattle,13190.0,29.9435,60.0,62.83,3450.0
F00129,plums and sloes,18733.3,31.4095,2.0,12.9,6090.0
F00130,quinces,3378.3,25.4186,6.0,60.56,3880.0
F00131,lupins,1847.5,28.7679,46.0,39.3,2650.0
F00132,onions and shallots dry,14166.1,18.4397,6.0,34.37,7435.0
F00133,cantaloupes and other melons,12000.0,26.1249,5.0,64.37,5995.0
F00134,potatoes,41772.9,22.9867,10.0,53.26,8750.0
F00135,sour cherries,6658.6,29.8785,16.0,22.85,4500.0
F00136,edible roots and tubers with high starch or inulin content n e c fresh,13716.6,22.4267,2.0,54.68,24000.0
F00137,orange,21895.9,31.8521,5.0,51.76,1670.0
F00138,other citrus fruit n e c,9198.5,25.4623,80.0,59.52,4161.0
F00139,eggs from other birds in shell fresh n e c,25143.0,26.2237,2.0,16.86,6350.0
F00140,karite nuts,1208.5,25.7629,12.0,54.33,5000.0
F00141,pomelos and grapefruits,18399.3,26.709,6.0,62.57,6026.0
F00142,onions and shallots dry,59918.4,28.3004,9.0,56.44,3800.0
F00143,mat leaves,4200.0,23.3439,24.0,13.91,4718.0
F00144,treenuts total,1101.3,30.3932,2.0,55.05,3500.0
F00145,soybean,255.0,24.1859,2.0,56.7,4000.0
F00146,coffee,5327.8,25.1779,2.0,29.62,3050.0
F00147,carrot,20423.8,20.689,23.0,60.94,6500.0
F00148,agave fibres raw n e c,845.6,25.9402,7.0,40.06,6773.0
F00149,tomatoes,34065.8,30.0209,56.0,26.02,5010.0
F00150,orange,3894.6,31.8521,50.0,28.2,6831.0
F00151,kola nuts,417.6,27.3987,60.0,14.89,4500.0
F00152,potatoes,11303.6,34.9466,8.0,26.43,2450.0
F00153,muskmelon,3172.2,29.3403,26.0,68.71,4200.0
F00154,watermelon,144600.5,24.9012,5.0,33.5,2825.0
F00155,other stone fruits,2750.0,18.2023,28.0,47.78,1890.0
F00156,seed cotton unginned,1719.2,24.8492,2.0,31.07,1000.0
F00157,rice,6903.5,23.8572,6.0,68.77,2494.0
F00158,lentils dry,2380.2,27.4005,2.0,19.97,7620.0
F00159,seed cotton unginned,315.3,28.6721,14.0,35.53,5702.0
F00160,seed cotton unginned,2304.7,28.0295,36.0,35.53,4925.0
F00161,groundnut,726.2,31.8521,27.0,37.29,7100.0
F00162,areca nuts,3637.3,23.9091,2.0,21.01,2225.0
F00163,raw hides and skins of cattle,359.0,17.9867,5.0,34.53,2314.0
F00164,raw milk of camel,3372.0,25.8473,34.0,50.02,7500.0
F00165,raw milk of buffalo,21673.0,23.1426,4.0,69.65,5375.0
F00166,tallowtree seeds,2470.4,25.6896,30.0,43.47,5600.0
F00167,garlic,13885.0,18.7836,11.0,37.91,34000.0
F00168,carrots and turnips,18413.8,29.6995,8.0,41.84,2900.0
F00169,ginger,54286.0,24.1308,6.0,61.71,3650.0
F00170,blackgram,9045.0,33.4908,8.0,15.99,5770.0
F00171,sugar cane,49816.7,23.3523,6.0,33.58,2212.0
F00172,dates,6998.7,21.4218,8.0,22.7,2300.0
F00173,ginger,1000.0,28.5462,2.0,65.98,3730.0
F00174,raw milk of sheep,921.0,24.215,4.0,34.92,1150.0
F00175,artichokes,7042.2,25.3579,11.0,47.22,6611.0
F00176,arhar,10464.8,22.9546,16.0,60.18,6040.0
F00177,onions and shallots green,2732.1,27.6383,11.0,31.93,2384.0
F00178,pigeonpeas,6504.6,34.9317,10.0,26.06,4520.0
F00179,arhar,20999.0,28.2237,48.0,28.87,7575.0
F00180,mat leaves,4200.0,43.302,4.0,56.1,2530.0
F00181,asparagus,5969.5,18.4165,4.0,37.2,2565.0
F00182,taro,6478.0,28.8408,4.0,27.41,4164.0
F00183,rape or colza seed,2866.6,22.6371,46.0,63.74,3200.0
F00184,orange,11132.8,32.3194,3.0,15.35,4310.0
F00185,bajra,5054.3,25.2041,44.0,40.87,2530.0
F00186,raw hides and skins of goats or kids,30.0,25.0102,2.0,69.13,3850.0
F00187,gooseberries,7866.7,20.8927,16.0,44.35,1600.0
F00188,raw milk of goats,603.0,25.6245,7.0,48.42,2600.0
F00189,poppy seed,615.2,27.0277,10.0,24.67,6500.0
F00190,soybean,220252.7,26.2507,54.0,32.74,3096.0
F00191,fibre crops fibre equivalent,216.2,19.2598,50.0,44.76,2365.0
F00192,coconut,3857.1,25.6129,4.0,46.15,4500.0
F00193,papayas,18719.2,22.6036,7.0,35.27,12300.0
F00194,cauliflowers and broccoli,17679.6,25.1384,2.0,59.75,2200.0
F00195,sweet potatoes,4774.2,33.4641,12.0,22.42,2485.0
F00196,groundnut,70076.0,27.6982,52.0,29.46,5180.0
F00197,poppy seed,810.0,39.7315,16.0,59.52,5900.0
F00198,raw milk of buffalo,28444.0,29.246,6.0,51.43,6674.0
F00199,gooseberries,5882.4,15.7814,20.0,16.46,740.0
F00200,oil palm fruit,12101.8,26.8748,2.0,56.66,4000.0
F00201,hen eggs in shell fresh,112797.0,23.7387,9.0,37.34,10180.0
F00202,natural rubber in primary forms,588.0,28.3636,2.0,11.87,7530.0
F00203,roots and tubers total,5961.3,31.6533,38.0,18.8,6800.0
F00204,mangoes guavas and mangosteens,5066.7,22.7823,28.0,20.34,3900.0
F00205,cherries,7833.8,19.3061,20.0,21.2,2240.0
F00206,triticale,2066.7,28.6456,14.0,16.52,7500.0
F00207,seed cotton unginned,957.6,26.8153,3.0,37.18,6120.0
F00208,asparagus,2643.8,25.2878,7.0,35.22,3859.0
F00209,cucumbers and gherkins,126011.2,26.1249,8.0,42.27,4825.0
F00210,pepper raw,4702.3,23.0528,2.0,38.16,10400.0
F00211,green garlic,14625.9,28.6956,11.0,41.1,3300.0
F00212,other fibre crops raw n e c,561.8,28.5417,90.0,47.82,2395.0
F00213,coconut,14887.6,25.6003,18.0,63.4,5458.0
F00214,cocoa beans,571.1,18.4741,9.0,54.72,6666.0
F00215,pumpkins squash and gourds,20477.7,35.3778,21.0,19.85,1340.0
F00216,triticale,2158.3,27.0618,9.0,48.7,2040.0
F00217,brinjal,2591.4,29.9968,2.0,63.94,2000.0
F00218,broad beans and horse beans dry,1250.0,29.2114,28.0,40.49,7640.0
F00219,onions and shallots green,25402.9,23.8258,54.0,38.48,1200.0
F00220,leeks and other alliaceous vegetables,3889.8,23.6148,40.0,34.44,6071.0
F00221,lentil,91609.0,20.0468,12.0,39.64,4710.0
F00222,lentil,10175.5,20.3908,3.0,43.89,6126.0
F00223,avocados,4937.2,18.4789,8.0,65.13,480.0
F00224,linseed,1010.7,29.6789,11.0,55.93,4351.0
F00225,other tropical fruits n e c,18035.3,27.7265,32.0,20.78,4200.0
F00226,buckwheat,1360.5,25.3924,14.0,10.26,6550.0
F00227,strawberries,18523.1,31.6652,2.0,24.73,1760.0
F00228,cashewapple,4405.4,23.502,2.0,12.33,1570.0
F00229,olives,1058.3,29.3998,14.0,67.76,3000.0
F00230,other fibre crops raw n e c,2960.9,19.6829,13.0,30.22,7185.0
F00231,raw hides and skins of cattle,359.0,27.7265,16.0,61.94,6650.0
F00232,blackgram,7518.0,25.1986,10.0,44.08,8195.0
F00233,coconuts in shell,6471.2,26.5326,24.0,52.58,2360.0
F00234,leeks and other alliaceous vegetables,175.1,18.4165,12.0,53.37,6100.0
F00235,other stone fruits,4846.4,25.2827,14.0,56.07,3600.0
F00236,persimmons,7127.7,14.78,4.0,40.63,2750.0
F00237,pyrethrum dried flowers,258.6,23.8534,2.0,56.4,3950.0
F00238,gooseberries,8539.2,26.0163,3.0,17.34,7200.0
F00239,rye,1896.4,20.9498,15.0,33.8,3780.0
F00240,yautia,12428.8,28.4452,24.0,37.11,2195.0
F00241,quinces,7719.7,27.798,36.0,67.86,12840.0
F00242,potatoes,16847.4,25.4346,10.0,53.3,5156.0
F00243,other fruits n e c,6127.1,25.7872,5.0,25.75,4000.0
F00244,eggs primary,51011.0,29.503,13.0,29.89,2360.0
F00245,lentils dry,2468.6,26.2234,38.0,41.33,5300.0
F00246,raw hides and skins of buffaloes,433.0,31.4934,8.0,62.07,6475.0
F00247,rape or colza seed,3162.6,32.238,2.0,33.88,2300.0
F00248,cassava fresh,18431.8,27.92,24.0,41.32,6301.0
F00249,muskmelon,49942.0,28.0331,32.0,17.56,2220.0
F00250,ginger raw,27492.8,23.6051,6.0,56.0,6400.0
F00251,other vegetables fresh n e c,15300.4,21.2073,6.0,58.01,8592.0
F00252,oilcrops oil equivalent,539.7,29.7301,6.0,66.93,3100.0
F00253,potatoes,20449.5,28.7783,54.0,63.19,17000.0
F00254,citrus fruit total,10467.6,27.3511,60.0,26.11,2160.0
F00255,anise badian coriander cumin caraway fennel and juniper berries raw,15362.4,29.0126,8.0,23.96,4450.0
F00256,lettuce and chicory,23000.0,27.6383,6.0,13.74,830.0
F00257,coconut,259.0,29.525,26.0,35.19,4300.0
F00258,pumpkins squash and gourds,10737.7,29.1294,4.0,53.18,5401.0
F00259,sesame seed,293.5,30.0182,4.0,31.0,2442.0
F00260,lettuce and chicory,10000.5,23.9865,26.0,55.4,7341.0
F00261,anise badian coriander cumin caraway fennel and juniper berries raw,1164.6,25.7629,2.0,27.08,6200.0
F00262,pomegranate,10127.5,24.3277,6.0,45.3,5250.0
F00263,raw hides and skins of goats or kids,42.0,27.9624,28.0,18.85,5743.0
F00264,pineapples,19366.2,39.2334,15.0,10.06,6112.0
F00265,orange,4554.7,29.9836,18.0,33.9,2245.0
F00266,cashewapple,5315.3,29.4716,30.0,66.22,1700.0
F00267,poppy seed,655.0,28.8786,17.0,65.36,5180.0
F00268,raw hides and skins of buffaloes,259.0,17.9867,23.0,40.27,4500.0
F00269,areca nuts,4998.4,22.491,3.0,12.41,3000.0
F00270,leeks and other alliaceous vegetables,25737.4,20.6753,9.0,68.43,5820.0
F00271,string beans,7950.2,29.8757,27.0,54.35,4145.0
F00272,locust beans,2000.0,28.5697,33.0,69.32,6370.0
F00273,cow peas dry,945.9,25.2746,2.0,15.42,3991.0
F00274,bambara beans dry,816.2,18.3589,4.0,30.37,680.0
F00275,kiwi fruit,17782.2,25.5041,44.0,62.85,1650.0
F00276,jute,52929.7,23.6681,24.0,21.73,3460.0
F00277,cabbages,23047.4,22.0846,30.0,29.93,2211.0
F00278,roots and tubers total,8458.8,24.7138,12.0,21.62,6075.0
F00279,orange,39522.5,17.6655,9.0,28.46,2455.0
F00280,cranberries,8490.0,27.1154,6.0,60.98,4580.0
F00281,peppermint spearmint,16518.3,22.4452,14.0,64.46,10000.0
F00282,quinces,13241.8,26.8075,10.0,37.76,4950.0
F00283,seed cotton unginned,1994.8,28.7783,24.0,46.49,5955.0
F00284,peas dry,2472.2,28.6982,23.0,66.01,2600.0
F00285,raw milk of buffalo,18212.0,27.3353,10.0,62.06,5200.0
F00286,apple,13851.2,23.0895,7.0,42.16,5200.0
F00287,okra,8705.9,22.9846,8.0,61.4,2800.0
F00288,papayas,15931.6,27.2743,26.0,26.09,3000.0
F00289,pumpkins squash and gourds,9507.7,25.5675,5.0,30.0,3425.0
F00290,triticale,4123.5,41.4197,2.0,54.47,1220.0
F00291,cabbages,42062.3,24.8402,24.0,25.46,850.0
F00292,cassava fresh,12017.5,25.7875,5.0,27.81,18200.0
F00293,chicory roots,28025.2,24.3804,20.0,25.23,4100.0
F00294,maize,5442.7,18.093,11.0,10.85,2190.0
F00295,grape,3882.0,38.061,5.0,24.48,6400.0
F00296,string beans,25278.0,33.1818,3.0,42.45,3750.0
F00297,oats,1666.5,17.4891,2.0,50.8,5100.0
F00298,eggplants,5981.4,20.1914,14.0,68.42,17000.0
F00299,cranberries,65414.0,28.0958,5.0,65.39,6630.0
F00300,sugar beet,51944.3,23.3704,4.0,37.49,2900.0
F00301,raw hides and skins of sheep or lambs,21.0,26.5233,10.0,13.14,4081.0
F00302,peaches and nectarines,7108.5,29.7093,144.0,50.28,6165.0
F00303,cashewapple,4405.4,25.6171,2.0,58.95,16000.0
F00304,kiwi fruit,10234.2,22.1906,14.0,18.15,5570.0
F00305,tea leaves,1397.4,33.88,16.0,45.13,4200.0
F00306,edible roots and tubers with high starch or inulin content n e c fresh,8213.5,22.7823,6.0,27.04,2470.0
F00307,mungbean,27480.2,29.6502,12.0,24.46,11400.0
F00308,cassava fresh,11217.9,26.6635,4.0,27.95,5425.0
F00309,raw milk of cattle,14606.0,30.641,20.0,52.26,6120.0
F00310,raw milk of cattle,5871.0,19.0206,9.0,31.16,3615.0
F00311,sweet potatoes,14934.4,29.0525,10.0,51.4,15900.0
F00312,pomelos and grapefruits,43175.5,28.524,4.0,28.38,500.0
F00313,other beans green,4697.6,25.5247,28.0,69.06,2750.0
F00314,oilcrops oil equivalent,833.2,26.0437,6.0,69.13,7361.0
F00315,melonseed,183.8,23.1141,7.0,32.07,3451.0
F00316,raw hides and skins of goats or kids,13.0,29.2212,2.0,18.9,1620.0
F00317,green gram,10711.1,29.7014,2.0,40.41,7400.0
F00318,bambara beans dry,1050.8,26.3338,6.0,15.94,6224.0
F00319,bhindi,24551.5,31.4847,2.0,17.13,1343.0
F00320,roots and tubers total,17189.3,26.6839,10.0,61.05,6040.0
F00321,buckwheat,3518.6,24.1855,2.0,66.96,2441.0
F00322,broad beans and horse beans green,3339.7,31.0196,10.0,67.36,2310.0
F00323,chick peas dry,1820.1,21.6585,4.0,44.07,460.0
F00324,asparagus,4917.9,28.1884,9.0,24.11,5225.0
F00325,persimmons,16625.3,24.215,4.0,35.69,4800.0
F00326,beans dry,950.5,23.8681,27.0,16.71,1450.0
F00327,nutmeg mace cardamoms raw,469.3,24.164,52.0,17.18,5860.0
F00328,green garlic,6019.1,10.3561,12.0,10.37,9750.0
F00329,cabbages,15151.5,29.5733,8.0,47.31,13000.0
F00330,triticale,3560.0,23.5644,7.0,15.04,5550.0
F00331,fonio,645.2,25.1878,2.0,49.35,4250.0
F00332,kola nuts,289.7,29.8686,14.0,34.82,2499.0
F00333,lentil,121003.7,25.7875,6.0,68.49,6050.0
F00334,citrus fruit total,5718.9,18.9022,24.0,14.56,7020.0
F00335,chillies and peppers green,9054.2,26.5084,26.0,12.24,5328.0
F00336,vetches,2501.0,17.8878,2.0,63.67,7001.0
F00337,pineapples,13344.9,28.0866,6.0,11.37,4770.0
F00338,sour cherries,3666.7,26.2023,17.0,43.27,2100.0
F00339,other oil seeds n e c,1457.7,25.9402,22.0,14.39,7400.0
F00340,kapok fruit,1319.5,23.1887,5.0,31.54,1230.0
F00341,chilli,18616.8,34.0362,2.0,25.46,1750.0
F00342,seed cotton unginned,2449.3,24.9644,2.0,25.64,11900.0
F00343,chilli,791.7,25.5496,5.0,64.96,2012.0
F00344,treenuts total,4943.2,27.9268,13.0,68.64,2510.0
F00345,other pome fruits,747.5,15.7737,3.0,23.48,2815.0
F00346,carrot,12081.3,27.16,9.0,32.14,7200.0
F00347,mungbean,1003.3,28.5474,3.0,55.08,7200.0
F00348,triticale,2625.5,28.0331,23.0,51.11,6250.0
F00349,cantaloupes and other melons,26205.1,28.5417,36.0,11.11,1030.0
F00350,plums and sloes,2883.0,22.3016,10.0,64.35,6125.0
F00351,hempseed,129.8,32.8171,12.0,12.52,4200.0
F00352,jute raw or retted,1067.6,27.2554,13.0,67.91,3950.0
F00353,kenaf and other textile bast fibres raw or retted,942.2,24.3263,50.0,22.64,4215.0
F00354,chillies and peppers dry raw,2003.1,25.6015,30.0,21.69,5671.0
F00355,roots and tubers total,2256.8,20.06,46.0,45.05,12450.0
F00356,yams,4583.8,30.3026,2.0,49.03,6845.0
F00357,chick peas dry,442.2,25.1384,10.0,62.91,9925.0
F00358,areca nuts,1410.5,24.6774,2.0,46.98,2942.0
F00359,treenuts total,405.4,28.2975,2.0,50.83,1600.0
F00360,yams,10787.6,25.7082,3.0,23.28,5900.0
F00361,safflower seed,581.3,27.3854,48.0,27.15,5665.0
F00362,papaya,13024.3,30.1077,17.0,65.25,4300.0
F00363,mangoes guavas and mangosteens,4837.8,29.8733,22.0,63.05,11175.0
F00364,mustard seed,1108.0,21.3509,132.0,29.29,12350.0
F00365,roots and tubers total,16740.6,16.1482,13.0,29.83,4415.0
F00366,true hemp raw or retted,1580.0,28.6971,2.0,14.03,5400.0
F00367,abaca manila hemp raw,154.7,19.9526,7.0,23.61,7140.0
F00368,anise badian coriander cumin caraway fennel and juniper berries raw,1050.4,28.9855,62.0,20.89,3070.0
F00369,papaya,11228.1,35.6767,15.0,12.78,2350.0
F00370,flax raw or retted,555.9,29.1938,10.0,49.53,2025.0
F00371,pistachios in shell,1757.3,28.6363,4.0,67.65,2400.0
F00372,pulses total,1434.1,19.5575,8.0,31.8,6120.0
F00373,yautia,11748.0,24.5845,26.0,19.62,5241.0
F00374,cloves raw,360.3,23.7688,6.0,59.6,4267.0
F00375,mustard seed,923.1,34.0362,9.0,53.57,2435.0
F00376,pyrethrum dried flowers,637.8,35.8986,10.0,34.31,3700.0
F00377,cinnamon and cinnamon tree flowers raw,654.2,27.6383,22.0,45.38,2360.0
F00378,leeks and other alliaceous vegetables,653.1,28.8958,2.0,57.28,3900.0
F00379,kenaf and other textile bast fibres raw or retted,384.6,25.3755,54.0,36.92,4369.0
F00380,cereals primary,4894.7,23.3913,7.0,38.04,5200.0
F00381,ginger,3138.6,25.3924,2.0,31.86,4210.0
F00382,chillies and peppers dry raw,2688.6,22.9867,16.0,69.08,7125.0
F00383,pulses total,774.7,24.7985,4.0,17.38,7176.0
F00384,watermelon,42597.2,26.8437,30.0,61.86,3738.0
F00385,tomatoes,35532.5,26.0037,5.0,46.68,9850.0
F00386,plums and sloes,3877.9,32.2765,25.0,38.74,2350.0
F00387,currants,660.2,26.1438,3.0,14.27,4200.0
F00388,castor oil seeds,657.5,25.5422,104.0,55.18,6500.0
F00389,vegetables primary,12496.2,28.9632,17.0,10.34,4400.0
F00390,seed cotton unginned,2400.0,19.4559,56.0,24.67,2560.0
F00391,natural rubber in primary forms,1181.4,23.6734,14.0,50.31,9730.0
F00392,sugar crops primary,48967.5,29.9441,32.0,49.73,2215.0
F00393,cocoa beans,488.3,31.9993,15.0,15.21,5458.0
F00394,watermelon,30446.2,25.1047,56.0,20.68,5852.0
F00395,mustard,1295.7,40.212,9.0,36.88,6500.0
F00396,carrots and turnips,18058.7,33.3614,30.0,35.28,4007.0
F00397,jute raw or retted,4000.6,20.2732,10.0,53.63,1555.0
F00398,sour cherries,73133.6,28.6148,20.0,45.76,2500.0
F00399,cabbage,21190.5,24.8892,50.0,48.36,1000.0
F00400,pepper raw,1954.0,41.656,18.0,33.64,6300.0
F00401,apricots,4172.0,27.1326,6.0,37.51,5630.0
F00402,mustard,736.0,23.3961,28.0,50.32,6270.0
F00403,milk total,18711.0,24.7125,40.0,25.96,9930.0
F00404,poppy seed,1065.6,29.3432,32.0,25.59,6355.0
F00405,walnuts in shell,3329.0,15.786,24.0,59.06,3600.0
F00406,mat leaves,6266.0,26.8844,4.0,69.07,2480.0
F00407,string beans,25278.0,23.7876,2.0,48.36,1085.0
F00408,treenuts total,795.7,24.5346,2.0,23.96,2365.0
F00409,peppermint spearmint,1640.0,27.9497,2.0,66.05,2725.0
F00410,cloves raw,983.7,28.1218,16.0,62.09,4300.0
F00411,castor oil seeds,880.0,27.92,33.0,36.23,840.0
F00412,bajra,3278.6,30.5547,23.0,44.2,2815.0
F00413,sweet potatoes,45523.9,31.4845,2.0,13.24,1900.0
F00414,other stimulant spice and aromatic crops n e c,1894.3,21.8013,82.0,32.61,1290.0
F00415,grape,7143.8,24.9726,20.0,26.91,3995.0
F00416,brinjal,1076.9,21.4761,8.0,67.86,1625.0
F00417,tallowtree seeds,2470.4,15.786,48.0,58.44,5266.0
F00418,tomatoes,27428.8,23.0381,7.0,51.28,12800.0
F00419,kenaf and other textile bast fibres raw or retted,1358.1,24.6885,104.0,30.55,2990.0
F00420,cabbage,19367.3,28.9855,24.0,23.66,2300.0
F00421,chilli,13291.4,21.5416,33.0,21.58,1880.0
F00422,melonseed,394.2,31.2193,14.0,68.37,3725.0
F00423,mustard seed,1454.5,19.9185,34.0,66.96,4290.0
F00424,other beans green,11046.6,26.0701,16.0,22.44,2000.0
F00425,mustard seed,1071.6,30.3299,21.0,19.28,2600.0
F00426,garlic,235.0,27.0583,3.0,34.17,20320.0
F00427,pigeonpeas,881.0,34.8725,2.0,14.71,7040.0
F00428,quinces,32412.9,18.093,7.0,13.26,5760.0
F00429,peas green,2744.3,26.1458,10.0,12.16,7000.0
F00430,other vegetables fresh n e c,1601.7,29.203,14.0,39.04,6500.0
F00431,apple,17320.6,23.062,10.0,27.29,8980.0
F00432,cantaloupes and other melons,18064.8,22.033,10.0,40.33,6270.0
F00433,brinjal,1022.6,21.5399,22.0,64.94,1860.0
F00434,green corn,18666.0,17.2494,24.0,49.97,1785.0
F00435,papaya,1300.0,26.6839,6.0,19.75,6500.0
F00436,cabbages,5751.1,25.2925,9.0,30.97,7750.0
F00437,broad beans and horse beans dry,1485.8,26.5858,7.0,56.91,950.0
F00438,cassava fresh,17693.9,29.8686,2.0,52.49,5670.0
F00439,blackgram,51944.3,32.8171,2.0,31.52,3501.0
F00440,plantains and cooking bananas,11192.6,29.9435,5.0,32.19,810.0
F00441,papayas,15890.6,26.8138,16.0,52.44,1900.0
F00442,millet,1000.0,24.3974,27.0,32.74,4400.0
F00443,carrots and turnips,59062.3,24.7635,144.0,12.54,5782.0
F00444,grape,6546.2,9.9499,8.0,30.82,6023.0
F00445,persimmons,3484.6,23.4838,10.0,68.84,4090.0
F00446,dates,8403.3,28.4381,6.0,10.73,5600.0
F00447,cherries,2148.0,18.8681,6.0,31.08,5490.0
F00448,mustard seed,416.7,27.7552,10.0,15.01,1700.0
F00449,spinach,8605.4,29.2491,2.0,27.95,1905.0
F00450,yams,10304.5,33.3421,26.0,43.99,6900.0
F00451,melonseed,682.4,23.6,2.0,18.72,2901.0
F00452,cassava leaves,10000.0,18.8775,10.0,63.18,7200.0
F00453,chilli,10363.4,25.058,26.0,19.57,2800.0
F00454,lentils dry,833.1,24.8637,8.0,46.73,6425.0
F00455,tung nuts,4297.3,27.309,4.0,40.15,7300.0
F00456,coconuts in shell,2986.7,29.1253,2.0,50.21,3875.0
F00457,other stimulant spice and aromatic crops n e c,1518.1,24.995,4.0,29.26,3980.0
F00458,hen eggs in shell fresh,156.0,24.2914,80.0,62.13,6500.0
F00459,broad beans and horse beans dry,3667.5,19.7262,6.0,40.35,3950.0
F00460,tangerines mandarins clementines,4824.6,23.0897,6.0,39.78,2695.0
F00461,muskmelon,18755.0,27.339,5.0,65.89,1825.0
F00462,gooseberries,4051.8,27.8259,4.0,52.75,5000.0
F00463,dates,30440.8,21.9251,32.0,66.09,4065.0
F00464,papaya,46094.7,29.3371,5.0,35.02,4400.0
F00465,plantains and cooking bananas,13836.1,30.4201,10.0,24.55,1575.0
F00466,milk total,4297.0,28.0722,2.0,53.65,2170.0
F00467,pigeonpeas,5250.0,19.1473,80.0,48.12,1850.0
F00468,blackgram,24655.8,27.1616,26.0,31.44,2351.0
F00469,cereals primary,1370.7,8.8257,10.0,37.6,3900.0
F00470,hempseed,501.3,32.4547,26.0,11.65,5800.0
F00471,currants,7367.7,18.427,144.0,49.24,5900.0
F00472,other tropical fruits n e c,8477.2,26.4931,68.0,54.68,6755.0
F00473,jojoba seeds,470.8,19.4408,11.0,18.05,2290.0
F00474,peas green,4941.9,27.3368,90.0,32.32,6230.0
F00475,blueberries,6889.0,24.7985,4.0,10.28,6500.0
F00476,cucumbers and gherkins,19461.5,22.3563,18.0,43.33,4400.0
F00477,cucumbers and gherkins,15972.9,20.8248,17.0,38.76,6450.0
F00478,cow peas dry,592.0,25.4438,15.0,18.7,5900.0
F00479,bambara beans dry,307.1,20.1843,6.0,68.75,2705.0
F00480,vegetables primary,17166.8,24.8766,23.0,43.64,4000.0
F00481,coffee green,336.2,21.5399,15.0,11.2,3115.0
F00482,avocados,10659.5,25.3659,24.0,12.91,5990.0
F00483,mothbeans,76509.7,28.9295,7.0,40.82,8480.0
F00484,raw milk of camel,1817.0,26.4233,17.0,55.83,5500.0
F00485,barley,2314.2,29.4807,2.0,26.51,2365.0
F00486,yautia,4500.0,30.8848,14.0,50.52,6250.0
F00487,barley,2739.4,20.0739,9.0,15.5,2638.0
F00488,oil palm fruit,9481.9,35.7878,3.0,27.28,5500.0
F00489,true hemp raw or retted,3675.6,19.9599,36.0,26.43,6400.0
F00490,brinjal,1124.0,26.5233,90.0,58.54,1065.0
F00491,plums and sloes,1000.0,28.609,4.0,20.91,5950.0
F00492,linseed,859.9,28.568,23.0,51.55,2197.0
F00493,anise badian coriander cumin caraway fennel and juniper berries raw,4435.1,18.1471,2.0,13.2,6970.0
F00494,other citrus fruit n e c,14988.3,25.8169,4.0,43.63,6730.0
F00495,onions and shallots dry,29624.0,27.9999,2.0,14.05,11520.0
F00496,figs,8509.0,24.295,2.0,41.79,2580.0
F00497,raw hides and skins of sheep or lambs,46.0,21.1867,16.0,41.88,2439.0
F00498,other nuts in shell n e c,3873.8,18.4741,38.0,14.93,9050.0
F00499,agave fibres raw n e c,1335.8,12.087,14.0,49.86,3550.0
F00500,eggplants,2090.9,43.3605,2.0,32.32,2000.0
F00501,mothbeans,79964.9,30.4368,16.0,19.65,2900.0
F00502,tung nuts,1131.2,20.8221,3.0,12.7,5250.0
F00503,other stimulant spice and aromatic crops n e c,1003.7,28.4721,10.0,20.83,4285.0
F00504,arhar,1169.7,23.5265,50.0,36.89,6300.0
F00505,other nuts in shell n e c,6280.9,25.0897,4.0,42.56,4400.0
F00506,fonio,554.3,19.9526,50.0,37.78,1080.0
F00507,raw milk of goats,2429.0,23.1741,36.0,38.28,610.0
F00508,safflower seed,640.9,40.7888,2.0,63.36,5551.0
F00509,wheat,5054.9,21.4218,6.0,32.01,2970.0
F00510,kiwi fruit,20915.3,23.7047,36.0,45.99,2525.0
F00511,jojoba seeds,470.8,24.0183,9.0,35.78,2566.0
F00512,papayas,12705.9,27.5482,6.0,58.54,3800.0
F00513,milk total,10281.0,30.5599,8.0,44.97,2580.0
F00514,wheat,3117.6,27.7458,6.0,55.62,2800.0
F00515,mustard seed,440.3,20.1304,12.0,49.96,6000.0
F00516,vanilla raw,41.9,25.4252,22.0,46.73,3010.0
F00517,pulses total,843.1,29.203,7.0,63.14,6250.0
F00518,tea leaves,804.5,35.3999,4.0,56.65,5350.0
F00519,pyrethrum dried flowers,419.4,31.7438,2.0,27.2,23700.0
F00520,pulses total,670.5,29.6673,2.0,54.2,2190.0
F00521,almonds in shell,1806.7,28.0538,54.0,40.38,1550.0
F00522,raw milk of sheep,525.0,26.0714,24.0,35.0,4100.0
F00523,green corn,1316.8,29.6502,24.0,19.65,4478.0
F00524,chickpea,1218.3,17.5036,78.0,14.77,5300.0
F00525,maize,2173.7,25.6171,7.0,15.71,2330.0
F00526,strawberries,10532.9,29.1803,38.0,54.16,3450.0
F00527,green corn,9908.8,24.7249,15.0,35.67,4170.0
F00528,bhindi,0.0,27.339,2.0,20.08,4000.0
F00529,ramie raw or retted,1844.9,32.8873,8.0,32.06,1500.0
F00530,potatoes,22778.9,20.8927,18.0,30.21,4740.0
F00531,millet,2000.0,29.0679,15.0,31.25,9700.0
F00532,kidneybeans,8.0,22.6424,2.0,47.49,3800.0
F00533,cassava leaves,10000.0,40.6601,5.0,44.83,7440.0
F00534,cinnamon and cinnamon tree flowers raw,670.3,27.0691,15.0,27.2,3200.0
F00535,asparagus,5327.6,25.3677,30.0,53.06,4103.0
F00536,mustard,536.3,24.3075,21.0,22.39,5725.0
F00537,olives,1730.7,22.7813,2.0,58.56,4940.0
F00538,raw hides and skins of sheep or lambs,32.0,32.7977,46.0,36.73,4115.0
F00539,poppy seed,810.0,27.9658,24.0,40.99,2200.0
F00540,coffee green,1981.9,23.3036,13.0,51.15,13600.0
F00541,cauliflower,26094.6,23.7655,2.0,41.33,4200.0
F00542,kola nuts,300.2,25.3614,24.0,55.11,1833.0
F00543,other stimulant spice and aromatic crops n e c,963.6,23.0935,23.0,14.59,2500.0
F00544,raw hides and skins of goats or kids,28.0,20.12,50.0,34.7,2950.0
F00545,arhar,9059.9,23.502,26.0,48.45,5600.0
F00546,chickpea,45451.0,17.9278,9.0,13.98,3500.0
F00547,treenuts total,514.4,25.6003,10.0,12.04,4290.0
F00548,fonio,742.9,26.5091,3.0,69.98,5115.0
F00549,oilcrops oil equivalent,718.9,29.8211,24.0,25.39,6941.0
F00550,grape,17755.1,41.656,14.0,30.13,6144.0
F00551,pomelos and grapefruits,30984.7,26.284,60.0,55.43,3400.0
F00552,millet,1100.0,18.4931,48.0,27.18,7100.0
F00553,citrus fruit total,31992.3,24.2042,9.0,59.3,2492.0
F00554,pineapples,49020.5,34.5193,23.0,67.73,4300.0
F00555,ramie raw or retted,2170.7,34.1644,36.0,57.54,5615.0
F00556,other pome fruits,7859.8,27.5785,38.0,61.81,2370.0
F00557,hop cones,1971.9,29.1286,3.0,15.76,5100.0
F00558,wheat,3105.6,26.5091,7.0,12.95,2891.0
F00559,potatoes,36000.0,23.2259,2.0,68.68,6930.0
F00560,ginger raw,10113.1,27.968,12.0,17.54,3650.0
F00561,pyrethrum dried flowers,514.3,23.3338,6.0,30.34,4170.0
F00562,tomatoes,28049.8,27.5482,50.0,35.69,7600.0
F00563,cauliflower,5036.4,31.7045,2.0,18.75,2000.0
F00564,plums and sloes,9659.5,27.9624,2.0,31.26,2575.0
F00565,raw milk of camel,1273.0,34.1307,26.0,22.41,6450.0
F00566,kenaf and other textile bast fibres raw or retted,1396.1,29.4807,9.0,60.75,6339.0
F00567,asparagus,4723.2,29.6646,16.0,33.82,4700.0
F00568,kapok fruit,1619.0,22.7825,5.0,22.46,2210.0
F00569,castor oil seeds,880.0,27.5136,4.0,45.17,300.0
F00570,quinoa,1803.3,27.8835,82.0,44.87,1325.0
F00571,agave fibres raw n e c,414.4,27.92,22.0,65.51,7416.0
F00572,artichokes,9752.6,23.6681,84.0,12.22,2800.0
F00573,other nuts in shell n e c,2601.1,35.1216,26.0,22.4,7400.0
F00574,barley,3896.3,28.7993,4.0,29.23,1700.0
F00575,plums and sloes,7377.0,28.8146,30.0,14.63,5100.0
F00576,coffee green,1772.8,24.0668,2.0,60.96,5200.0
F00577,cereals n e c,776.4,27.9497,2.0,47.81,2290.0
F00578,string beans,11196.2,18.2872,16.0,33.2,5200.0
F00579,beans dry,2194.0,31.5585,6.0,60.35,2500.0
F00580,natural rubber in primary forms,797.3,21.2131,22.0,51.29,4900.0
F00581,pumpkins squash and gourds,15944.5,21.7747,4.0,16.76,3700.0
F00582,fonio,646.2,22.8021,10.0,18.98,8461.0
F00583,apricots,10037.2,23.6572,23.0,60.21,5400.0
F00584,sisal raw,194.5,20.6753,82.0,59.55,6740.0
F00585,agave fibres raw n e c,845.6,28.2278,14.0,44.3,6200.0
F00586,taro,7654.8,28.0032,12.0,29.93,2749.0
F00587,eggs primary,108681.0,23.4104,12.0,31.33,13850.0
F00588,jute raw or retted,4544.6,31.4934,22.0,15.33,2058.0
F00589,vanilla raw,259.7,28.9636,10.0,62.79,6370.0
F00590,oilcrops cake equivalent,721.8,27.1103,32.0,19.41,7160.0
F00591,chillies and peppers green,12042.0,21.1435,6.0,35.26,2426.0
F00592,vegetables primary,11771.2,20.8797,82.0,59.88,6465.0
F00593,almonds in shell,1864.9,28.7275,2.0,49.7,3600.0
F00594,coconut,1449.4,25.6003,46.0,21.39,4750.0
F00595,other citrus fruit n e c,2857.1,26.4755,10.0,47.44,7200.0
F00596,anise badian coriander cumin caraway fennel and juniper berries raw,733.9,19.6783,4.0,32.42,2972.0
F00597,brinjal,7006.6,31.2193,4.0,23.12,1750.0
F00598,green garlic,5958.3,23.503,9.0,58.71,7031.0
F00599,mothbeans,6183.2,25.1253,4.0,36.64,690.0
F00600,gooseberries,1750.0,29.0991,14.0,18.32,5871.0
F00601,carrot,305.0,26.2201,12.0,35.04,400.0
F00602,tallowtree seeds,2470.4,25.4252,19.0,38.65,2150.0
F00603,cloves raw,214.0,26.492,28.0,40.36,6415.0
F00604,sunflower seed,911.7,28.9973,26.0,39.52,17000.0
F00605,taro,2552.7,25.9907,9.0,25.07,3645.0
F00606,banana,13476.4,27.3591,2.0,43.26,1810.0
F00607,jute,5000.0,23.9289,3.0,23.54,3950.0
F00608,lemons and limes,4742.7,23.096,6.0,66.85,4300.0
F00609,cocoa beans,2000.0,19.6347,2.0,38.26,3960.0
F00610,mat leaves,6266.0,25.2939,2.0,52.12,7140.0
F00611,pomelos and grapefruits,14898.6,34.3892,21.0,48.7,2650.0
F00612,linseed,205.9,27.4143,24.0,14.04,2502.0
F00613,dates,4664.5,27.798,56.0,52.83,4570.0
F00614,groundnut,5006.4,20.2732,7.0,39.37,5475.0
F00615,castor oil seeds,1000.0,27.1005,4.0,67.42,7800.0
F00616,bambara beans dry,691.7,28.4958,15.0,63.25,1600.0
F00617,castor oil seeds,2352.5,25.2746,62.0,68.48,2450.0
F00618,pistachios in shell,369.6,26.3577,12.0,31.81,12820.0
F00619,buckwheat,1126.9,26.8047,4.0,18.4,2365.0
F00620,other stimulant spice and aromatic crops n e c,1625.5,28.6918,8.0,17.09,5975.0
F00621,carrot,80257.5,18.4789,5.0,18.39,1040.0
F00622,sesame seed,32.0,19.3316,54.0,49.66,2300.0
F00623,grape,5455.3,16.3625,2.0,35.6,7050.0
F00624,mixed grain,3076.9,29.6321,24.0,47.42,1700.0
F00625,fruit primary,6352.7,28.1884,30.0,24.27,4050.0
F00626,millet,1022.6,24.6368,9.0,45.33,800.0
F00627,castor oil seeds,588.8,18.7265,2.0,41.66,5700.0
F00628,blackgram,2127.1,30.0263,32.0,33.49,10500.0
F00629,chillies and peppers dry raw,1025.4,26.3127,24.0,58.71,2421.0
F00630,sesame seed,761.4,25.7718,42.0,53.73,4250.0
F00631,other fruits n e c,14663.7,23.1281,26.0,43.17,1600.0
F00632,mungbean,479.8,27.1061,2.0,25.82,5950.0
F00633,rice,5131.0,25.6298,3.0,49.34,3850.0
F00634,sweet potatoes,12234.9,23.9091,4.0,16.15,7399.0
F00635,pigeonpeas,44686.3,30.2737,2.0,51.7,2020.0
F00636,pigeonpeas,467.5,20.8934,13.0,28.77,5700.0
F00637,yams,15590.9,27.5935,5.0,24.99,2594.0
F00638,raw hides and skins of buffaloes,393.0,29.7871,16.0,15.16,6585.0
F00639,fibre crops fibre equivalent,129.6,26.2866,10.0,36.83,1225.0
F00640,fibre crops fibre equivalent,709.3,18.427,5.0,40.73,6100.0
F00641,orange,15695.0,30.2558,4.0,27.33,19500.0
F00642,groundnuts excluding shelled,250.5,24.5436,84.0,28.71,4539.0
F00643,sugar crops primary,80761.2,27.3506,2.0,60.77,2210.0
F00644,watermelon,25965.2,25.3579,30.0,50.19,3800.0
F00645,other stone fruits,2500.0,26.6142,13.0,21.5,4200.0
F00646,vegetables primary,39076.6,27.2646,5.0,50.61,3000.0
F00647,watermelon,10435.7,25.1878,22.0,64.62,2690.0
F00648,cocoa beans,578.4,28.65,8.0,43.19,5679.0
F00649,chilli,14898.6,22.7127,13.0,53.28,3845.0
F00650,other vegetables fresh n e c,31207.9,25.6549,11.0,20.38,2600.0
F00651,other fruits n e c,4602.0,13.8377,8.0,63.2,4225.0
F00652,other pulses n e c,4486.5,24.6885,5.0,32.97,4050.0
F00653,lentil,1544.4,23.1931,2.0,31.69,6061.0
F00654,wheat,1569.3,18.199,20.0,41.68,2660.0
F00655,cow peas dry,1640.8,22.2174,4.0,19.15,4000.0
F00656,hop cones,2492.3,14.9785,13.0,32.68,5340.0
F00657,eggplants,2143.1,28.5598,26.0,43.28,1840.0
F00658,cherries,5685.4,27.6726,2.0,17.02,2210.0
F00659,chillies and peppers dry raw,12597.0,32.5004,18.0,69.2,2100.0
F00660,kenaf and other textile bast fibres raw or retted,1174.5,25.1575,2.0,20.76,4720.0
F00661,chilli,15064.3,28.524,3.0,21.31,2200.0
F00662,kola nuts,289.0,23.2411,30.0,35.1,2160.0
F00663,almonds in shell,6363.8,22.8121,10.0,21.99,7900.0
F00664,chicory roots,5872.8,23.9656,4.0,47.04,7905.0
F00665,rice,6006.0,24.015,16.0,36.16,6500.0
F00666,mat leaves,6266.0,18.093,7.0,63.03,8100.0
F00667,mixed grain,3230.3,29.3854,98.0,39.01,2418.0
F00668,raw milk of goats,2161.0,26.576,23.0,32.61,6320.0
F00669,chillies and peppers green,22804.9,18.9942,2.0,31.16,1680.0
F00670,cloves raw,1235.8,24.458,14.0,39.79,4200.0
F00671,peas dry,789.6,21.4218,15.0,65.65,7200.0
F00672,chickpea,19614.3,17.085,2.0,57.45,7000.0
F00673,coconut,303.0,25.5496,16.0,45.93,4100.0
F00674,eggplants,26969.0,22.0082,2.0,65.15,7400.0
F00675,eggs from other birds in shell fresh n e c,30137.0,29.0525,6.0,27.91,875.0
F00676,cloves raw,1206.5,27.0486,8.0,19.21,3725.0
F00677,coconut,18666.0,25.8473,4.0,58.27,13175.0
F00678,other nuts in shell n e c,665.0,30.285,8.0,58.06,9020.0
F00679,kapok fruit,1319.5,28.4958,6.0,55.54,6595.0
F00680,quinces,14585.7,27.3511,26.0,53.93,2361.0
F00681,garlic,2227.0,19.8936,10.0,65.16,12600.0
F00682,other berries and fruits of the genus vaccinium n e c,5027.3,25.338,16.0,16.77,2250.0
F00683,groundnut,13420.8,20.8221,6.0,23.61,5978.0
F00684,cashew nuts in shell,368.2,24.8933,13.0,41.91,6485.0
F00685,chillies and peppers green,1985.7,17.1661,3.0,21.44,4550.0
F00686,jowar,1224.7,28.334,6.0,21.43,3030.0
F00687,coconuts in shell,4188.2,27.7916,98.0,20.04,1730.0
F00688,raw hides and skins of buffaloes,378.0,31.0915,7.0,64.26,4400.0
F00689,hop cones,1357.1,25.1171,40.0,59.4,7925.0
F00690,maize,5628.0,21.6316,24.0,31.03,1620.0
F00691,triticale,6367.4,26.1002,10.0,49.84,7255.0
F00692,jojoba seeds,470.8,25.0116,6.0,15.09,12500.0
F00693,lettuce and chicory,24666.7,29.9089,7.0,50.57,2731.0
F00694,garlic,665.4,34.2805,2.0,29.33,16000.0
F00695,muskmelon,15555.6,28.5855,2.0,54.92,2430.0
F00696,ginger raw,27312.6,21.2131,2.0,29.87,5700.0
F00697,cashewapple,5315.3,19.7262,20.0,26.22,2390.0
F00698,groundnuts excluding shelled,1454.5,26.2409,5.0,14.27,3850.0
F00699,gooseberries,1750.0,25.3269,2.0,55.2,5800.0
F00700,pomegranate,14949.9,20.8927,6.0,63.23,6925.0
F00701,oilcrops oil equivalent,124.7,29.2114,2.0,24.77,1560.0
F00702,asparagus,5123.8,29.9145,36.0,29.35,5375.0
F00703,sugar crops primary,75707.5,34.2888,6.0,27.25,7050.0
F00704,sweet potatoes,5526.3,24.9447,18.0,58.48,925.0
F00705,cauliflowers and broccoli,11015.9,27.1154,10.0,10.95,6230.0
F00706,cantaloupes and other melons,30248.0,24.9322,4.0,11.3,8800.0
F00707,jute raw or retted,1413.4,15.6321,2.0,16.59,6050.0
F00708,blackgram,142076.0,28.5684,2.0,22.32,2665.0
F00709,dates,7322.4,22.1793,6.0,41.22,2655.0
F00710,other stone fruits,9330.8,22.1266,5.0,33.15,6980.0
F00711,raw milk of cattle,23293.0,23.4626,4.0,11.94,7700.0
F00712,figs,8662.7,28.836,2.0,50.91,3600.0
F00713,seed cotton unginned,2859.1,28.1749,52.0,52.24,2430.0
F00714,other oil seeds n e c,910.5,18.2357,11.0,42.49,2490.0
F00715,abaca manila hemp raw,463.9,21.5871,28.0,49.89,2040.0
F00716,other pome fruits,4500.0,27.5136,14.0,18.76,2630.0
F00717,treenuts total,516.0,15.3304,7.0,64.32,2271.0
F00718,leeks and other alliaceous vegetables,30732.3,25.7304,2.0,39.64,7200.0
F00719,other fruits n e c,10944.6,19.9526,2.0,37.87,3960.0
F00720,cabbages,22312.0,26.0018,7.0,55.9,2200.0
F00721,rice,6900.0,23.4319,8.0,58.41,5150.0
F00722,kola nuts,558.3,23.1284,2.0,47.38,7121.0
F00723,vanilla raw,200.4,23.38,4.0,64.99,7125.0
F00724,maize,3931.6,18.2836,7.0,61.33,2200.0
F00725,eggs from other birds in shell fresh n e c,1189.0,23.7939,9.0,33.85,3000.0
F00726,raw hides and skins of buffaloes,380.0,34.6008,4.0,58.24,17600.0
F00727,beans dry,543.4,25.7935,10.0,14.18,6200.0
F00728,dates,1602.3,19.4832,7.0,17.79,2476.0
F00729,sour cherries,10507.2,29.541,2.0,59.71,5275.0
F00730,carrot,15157.1,39.7077,18.0,60.99,1800.0
F00731,cabbages,14534.4,26.591,78.0,44.13,6085.0
F00732,carrots and turnips,10665.9,31.6533,20.0,11.31,23400.0
F00733,asparagus,5493.4,40.77,52.0,43.73,5000.0
F00734,peppermint spearmint,2352.9,21.127,18.0,35.91,1725.0
F00735,mothbeans,12251.7,28.9025,4.0,60.33,5800.0
F00736,pyrethrum dried flowers,637.8,28.1297,38.0,48.3,2430.0
F00737,pears,53415.4,26.9821,6.0,69.94,6180.0
F00738,sugar crops primary,74227.5,21.2594,68.0,11.33,5570.0
F00739,anise badian coriander cumin caraway fennel and juniper berries raw,739.9,23.6681,21.0,43.31,2790.0
F00740,mixed grain,4799.4,24.548,20.0,45.33,2530.0
F00741,ramie raw or retted,1794.6,29.7871,13.0,24.79,955.0
F00742,pigeonpeas,833.2,34.9317,5.0,45.07,2580.0
F00743,other pulses n e c,1054.7,24.8402,20.0,54.15,6000.0
F00744,oilcrops cake equivalent,1707.8,26.5084,32.0,34.01,4000.0
F00745,tangerines mandarins clementines,10240.2,18.2807,2.0,49.33,20650.0
F00746,castor oil seeds,825.4,19.5011,26.0,15.82,1005.0
F00747,tea leaves,6374.4,24.7463,3.0,24.21,4000.0
F00748,fonio,742.9,32.8396,2.0,24.67,6675.0
F00749,true hemp raw or retted,1000.0,34.9317,4.0,64.78,1903.0
F00750,sugar crops primary,64967.1,31.0222,3.0,69.15,8000.0
F00751,soybean,16847.4,18.3191,22.0,61.86,4288.0
F00752,lentils dry,1184.6,35.386,10.0,43.2,11640.0
F00753,apple,24781.8,23.4626,16.0,60.01,7750.0
F00754,yautia,13532.9,25.7082,2.0,45.59,4020.0
F00755,coffee,6234.5,23.4124,40.0,49.97,3745.0
F00756,eggs from other birds in shell fresh n e c,47917.0,15.8339,38.0,40.94,3180.0
F00757,canary seed,1133.0,29.1431,8.0,61.6,2015.0
F00758,linseed,964.1,27.5427,98.0,58.52,1120.0
F00759,poppy seed,764.7,27.6964,3.0,18.96,4731.0
F00760,cabbage,7030.9,24.6509,22.0,65.07,1800.0
F00761,kola nuts,670.0,27.3987,2.0,53.31,6365.0
F00762,mangoes guavas and mangosteens,8694.1,27.5149,82.0,23.27,350.0
F00763,cassava fresh,16838.9,25.1789,10.0,25.71,4200.0
F00764,cinnamon and cinnamon tree flowers raw,702.3,25.4006,11.0,29.74,3495.0
F00765,almonds in shell,6924.3,19.8936,2.0,50.33,2351.0
F00766,eggs primary,78308.0,26.5897,50.0,52.0,5999.0
F00767,vegetables primary,9068.6,18.3695,44.0,61.82,2590.0
F00768,true hemp raw or retted,940.9,27.5363,2.0,21.61,8830.0
F00769,raw hides and skins of sheep or lambs,26.0,30.3299,2.0,39.91,6125.0
F00770,buckwheat,1454.5,28.0538,4.0,24.12,8240.0
F00771,raw hides and skins of goats or kids,22.0,23.0204,22.0,13.98,9800.0
F00772,pyrethrum dried flowers,258.8,23.8916,3.0,68.71,6225.0
F00773,natural rubber in primary forms,1049.9,25.163,68.0,21.51,2951.0
F00774,blueberries,5533.6,24.8491,2.0,39.8,4115.0
F00775,cranberries,25462.7,27.7265,2.0,60.81,13500.0
F00776,artichokes,22574.3,26.2706,3.0,30.33,7600.0
F00777,cereals primary,8329.7,29.3432,12.0,34.62,4200.0
F00778,raw milk of goats,1996.0,27.5363,26.0,48.19,2275.0
F00779,nutmeg mace cardamoms raw,532.6,23.6148,7.0,40.01,4300.0
F00780,pistachios in shell,1000.8,24.7224,28.0,44.69,2280.0
F00781,tea leaves,1530.9,13.8377,9.0,56.5,3700.0
F00782,true hemp raw or retted,514.3,18.8393,9.0,46.73,4215.0
F00783,other citrus fruit n e c,13290.3,29.6321,62.0,64.0,6150.0
F00784,mothbeans,70598.5,30.8848,13.0,48.22,4710.0
F00785,other beans green,5652.4,21.9104,26.0,19.32,2200.0
F00786,jowar,973.1,21.7769,11.0,18.16,3850.0
F00787,cantaloupes and other melons,30000.0,29.3371,16.0,52.7,4250.0
F00788,chilli,20.8,29.104,11.0,13.82,2020.0
F00789,pistachios in shell,3612.8,22.4338,13.0,37.07,4650.0
F00790,dates,13001.8,35.8986,6.0,26.74,6000.0
F00791,spinach,16179.0,25.4079,2.0,63.09,4205.0
F00792,apricots,7449.8,26.2831,26.0,17.03,2226.0
F00793,green corn,25920.5,21.5335,6.0,28.94,15000.0
F00794,raw hides and skins of sheep or lambs,17.0,32.8214,50.0,17.56,3750.0
F00795,gur,5493.4,22.9184,26.0,13.19,4055.0
F00796,walnuts in shell,4797.8,19.6569,52.0,58.56,14500.0
F00797,raspberries,2724.6,22.4359,30.0,17.69,8400.0
F00798,lentils dry,1135.1,23.3572,6.0,45.86,3800.0
F00799,apricots,1975.0,27.9277,10.0,69.82,1900.0
F00800,seed cotton unginned,2400.0,21.0365,44.0,33.7,2180.0
F00801,peaches and nectarines,5389.9,23.986,20.0,31.67,6700.0
F00802,milk total,6442.0,18.5069,10.0,24.46,2480.0
F00803,lettuce and chicory,13560.7,11.7976,4.0,50.75,2255.0
F00804,arhar,1889.3,20.9341,26.0,12.68,9500.0
F00805,lemons and limes,5494.8,25.1369,4.0,18.37,2535.0
F00806,okra,2830.1,15.3247,6.0,25.13,6953.0
F00807,broad beans and horse beans green,7535.6,23.502,44.0,38.87,2000.0
F00808,fonio,1399.3,24.5361,80.0,22.1,3750.0
F00809,almonds in shell,1573.7,27.4143,13.0,54.81,2721.0
F00810,sour cherries,5392.6,18.3589,16.0,23.73,9820.0
F00811,natural rubber in primary forms,875.7,26.0597,20.0,42.84,4190.0
F00812,pumpkins squash and gourds,10007.3,21.3238,2.0,43.32,6188.0
F00813,cauliflower,11496.7,31.2999,2.0,56.35,3350.0
F00814,tomatoes,76571.0,39.0656,14.0,69.75,6783.0
F00815,avocados,6564.1,29.4202,8.0,23.7,1900.0
F00816,cantaloupes and other melons,42491.7,31.183,4.0,29.25,6000.0
F00817,seed cotton unginned,1092.0,24.9036,32.0,32.77,4550.0
F00818,mustard,5617.9,28.8958,2.0,46.29,5675.0
F00819,muskmelon,479.4,29.6885,6.0,17.61,1845.0
F00820,fonio,646.2,27.5938,8.0,64.54,4580.0
F00821,apricots,10587.1,35.3329,3.0,30.02,3200.0
F00822,groundnuts excluding shelled,1089.2,17.3408,4.0,35.23,20000.0
F00823,string beans,11852.2,26.2831,2.0,41.09,2450.0
F00824,pepper raw,1130.2,27.1071,132.0,38.41,4770.0
F00825,other stimulant spice and aromatic crops n e c,898.2,13.7032,17.0,49.65,3100.0
F00826,coffee,743.6,27.5591,23.0,65.67,4200.0
F00827,cabbage,39614.1,23.6057,3.0,48.29,1980.0
F00828,quinces,5642.4,25.8682,3.0,20.86,11000.0
F00829,ramie raw or retted,1121.7,25.3104,20.0,37.2,2390.0
F00830,carrots and turnips,35947.9,23.6412,6.0,22.01,4350.0
F00831,pineapples,39188.6,24.4301,68.0,37.28,4211.0
F00832,cereals n e c,363.2,25.7949,24.0,62.9,5430.0
F00833,hazelnuts in shell,1173.5,26.5858,52.0,34.8,6125.0
F00834,mustard seed,1109.7,19.9526,2.0,53.83,3115.0
F00835,kenaf and other textile bast fibres raw or retted,5779.8,30.9776,11.0,66.57,5341.0
F00836,pepper raw,2908.4,19.5922,3.0,59.08,5550.0
F00837,cereals primary,6028.1,28.5355,32.0,61.22,5750.0
F00838,cashewapple,2402.9,18.9059,4.0,33.56,5700.0
F00839,oats,2593.9,22.1906,5.0,28.47,2450.0
F00840,kapok fruit,1619.0,27.5609,15.0,53.62,7515.0
F00841,rape or colza seed,1194.4,31.6553,2.0,25.35,2390.0
F00842,jojoba seeds,470.8,23.502,54.0,31.46,2250.0
F00843,raw milk of sheep,132.0,27.3358,4.0,49.99,1010.0
F00844,canary seed,996.6,23.503,26.0,34.54,4405.0
F00845,muskmelon,276.5,29.5275,11.0,46.05,4100.0
F00846,other citrus fruit n e c,10270.9,23.3447,6.0,12.7,3600.0
F00847,papaya,1942.4,43.6755,11.0,36.16,1200.0
F00848,garlic,1945.5,25.7267,21.0,38.27,15370.0
F00849,pigeon peas dry,1071.8,19.1207,68.0,54.65,5150.0
F00850,banana,10441.2,29.2114,54.0,56.64,4500.0
F00851,oilcrops oil equivalent,449.6,19.251,5.0,22.6,7700.0
F00852,jute,183.8,25.2978,2.0,12.23,7415.0
F00853,bajra,7132.5,27.6852,2.0,60.17,2500.0
F00854,oilcrops oil equivalent,718.9,15.9905,11.0,12.13,7500.0
F00855,buckwheat,641.3,29.203,9.0,58.16,2290.0
F00856,coconuts in shell,4326.6,25.4298,2.0,57.44,3800.0
F00857,okra,9070.7,27.5427,6.0,55.04,900.0
F00858,walnuts in shell,3268.1,24.4513,24.0,22.69,2475.0
F00859,tea leaves,7848.9,25.4298,2.0,68.38,3720.0
F00860,canary seed,2746.1,29.9968,10.0,38.35,3970.0
F00861,walnuts in shell,16181.1,24.1638,2.0,48.96,3710.0
F00862,broad beans and horse beans green,3838.9,29.3649,9.0,26.09,4592.0
F00863,chilli,1051.8,20.2751,3.0,21.03,2620.0
F00864,peas dry,2154.3,25.5368,80.0,43.93,4200.0
F00865,oilcrops cake equivalent,906.1,27.5136,8.0,40.52,3885.0
F00866,cauliflower,10739.0,32.5004,6.0,46.52,1300.0
F00867,quinoa,327.7,20.12,2.0,14.1,3625.0
F00868,vanilla raw,194.2,32.5772,14.0,30.92,18000.0
F00869,peas green,6272.6,29.8789,2.0,14.01,6650.0
F00870,olives,852.1,31.0856,80.0,63.78,2500.0
F00871,bambara beans dry,596.6,24.4513,4.0,26.69,2525.0
F00872,almonds in shell,6363.8,21.4465,28.0,17.91,6150.0
F00873,onions and shallots dry,35886.8,21.1985,26.0,34.41,2130.0
F00874,other berries and fruits of the genus vaccinium n e c,15274.4,42.1347,9.0,55.25,7070.0
F00875,kola nuts,417.6,33.6477,28.0,15.9,510.0
F00876,pyrethrum dried flowers,637.8,18.0419,2.0,18.69,2090.0
F00877,rye,1097.7,28.8031,14.0,25.92,2600.0
F00878,tung nuts,1131.2,28.9186,17.0,65.8,1200.0
F00879,dates,2502.7,18.8796,13.0,26.99,7800.0
F00880,areca nuts,8704.4,26.4643,104.0,52.57,2150.0
F00881,cassava fresh,17657.8,23.6408,9.0,47.74,3525.0
F00882,peaches and nectarines,760.0,28.5684,20.0,63.42,5150.0
F00883,oilcrops oil equivalent,494.7,33.9368,34.0,16.77,4140.0
F00884,mango,143074.0,28.3333,2.0,22.77,3550.0
F00885,figs,2871.6,22.8021,80.0,68.65,5860.0
F00886,kola nuts,585.1,21.8117,9.0,45.81,4410.0
F00887,jute raw or retted,607.7,38.4419,14.0,68.11,5380.0
F00888,unmanufactured tobacco,427.0,33.9531,2.0,16.54,19000.0
F00889,beans dry,2239.8,29.9042,12.0,69.97,5901.0
F00890,kapok fruit,1619.0,17.1661,48.0,38.32,21010.0
F00891,other stimulant spice and aromatic crops n e c,10100.0,20.8248,32.0,48.6,4075.0
F00892,cauliflowers and broccoli,24128.8,27.5582,2.0,65.57,2250.0
F00893,sisal raw,1511.1,26.5874,2.0,16.57,3975.0
F00894,raspberries,4000.0,28.4958,15.0,13.58,2125.0
F00895,beans dry,567.3,26.2493,8.0,37.67,6335.0
F00896,mixed grain,4890.1,18.2872,2.0,52.51,2215.0
F00897,cucumbers and gherkins,28671.1,25.9338,52.0,69.79,4000.0
F00898,eggs primary,146347.0,18.7068,54.0,50.67,1865.0
F00899,other citrus fruit n e c,10868.9,26.672,18.0,62.35,5960.0
F00900,currants,6019.4,25.331,12.0,59.69,1865.0
F00901,peaches and nectarines,5979.9,27.6528,12.0,21.27,5660.0
F00902,pineapples,67481.8,24.6354,26.0,62.2,2200.0
F00903,cranberries,24214.2,33.6477,10.0,17.44,1960.0
F00904,other stone fruits,4846.4,33.3944,26.0,20.47,4460.0
F00905,hazelnuts in shell,2778.6,24.1859,2.0,69.73,3490.0
F00906,other fruits n e c,5882.4,24.2161,26.0,10.78,4205.0
F00907,gur,20789.5,25.2347,27.0,64.84,2955.0
F00908,castor oil seeds,743.0,18.8761,7.0,12.84,2465.0
F00909,raw milk of sheep,526.0,27.5136,4.0,54.21,725.0
F00910,cauliflowers and broccoli,15454.6,26.4402,18.0,19.06,2650.0
F00911,gooseberries,4051.8,39.371,5.0,32.51,10000.0
F00912,kola nuts,558.3,24.8153,40.0,19.28,3125.0
F00913,arhar,25194.5,29.8482,14.0,69.73,7000.0
F00914,linseed,898.7,23.9091,7.0,57.88,2825.0
F00915,oil palm fruit,13833.0,31.2279,78.0,66.94,1520.0
F00916,safflower seed,1000.0,34.1772,50.0,43.4,2300.0
F00917,agave fibres raw n e c,456.9,23.4312,44.0,38.94,6330.0
F00918,oilcrops cake equivalent,566.0,18.6505,15.0,42.06,6350.0
F00919,other berries and fruits of the genus vaccinium n e c,787.7,27.705,14.0,24.72,6200.0
F00920,other fruits n e c,364.8,29.869,26.0,68.55,2375.0
F00921,olives,105.3,18.9285,3.0,48.4,26440.0
F00922,cereals primary,639.0,28.0764,2.0,66.92,4300.0
F00923,oilcrops oil equivalent,449.6,23.2068,5.0,65.42,4370.0
F00924,gooseberries,2347.5,30.7212,54.0,37.07,3500.0
F00925,sunflower seed,0.0,31.0751,24.0,35.52,7000.0
F00926,kapok fruit,1619.0,26.8975,16.0,22.53,7950.0
F00927,groundnuts excluding shelled,875.0,23.3384,9.0,46.34,6251.0
F00928,seed cotton unginned,833.3,28.0722,120.0,13.36,7000.0
F00929,other pulses n e c,1267.6,23.1886,38.0,52.03,6600.0
F00930,muskmelon,5866.7,29.5724,4.0,30.0,6365.0
F00931,mangoes guavas and mangosteens,5617.9,25.9907,28.0,13.28,5600.0
F00932,bajra,54943.2,25.1779,24.0,21.97,2501.0
F00933,groundnuts excluding shelled,4023.8,25.4493,20.0,43.76,6600.0
F00934,lupins,2249.8,19.2078,2.0,62.16,2840.0
F00935,tea leaves,1397.4,30.728,66.0,29.61,4527.0
F00936,dates,7139.2,29.8075,6.0,61.4,2605.0
F00937,green gram,274.7,28.7401,9.0,60.38,7249.0
F00938,cow peas dry,434.4,27.3001,40.0,35.93,2360.0
F00939,roots and tubers total,17526.7,18.8796,4.0,12.94,7500.0
F00940,vetches,12158.3,23.6572,10.0,46.95,240.0
F00941,oilcrops oil equivalent,951.7,19.4179,24.0,37.62,2550.0
F00942,soybean,3008.0,23.1284,22.0,59.69,4280.0
F00943,coconut,4156.9,28.6916,6.0,33.36,6672.0
F00944,mothbeans,44268.0,30.3932,46.0,64.26,5580.0
F00945,green corn,9090.2,26.2834,50.0,64.26,5775.0
F00946,peas green,5734.8,29.5161,4.0,25.69,2625.0
F00947,peas green,9614.7,18.3136,9.0,13.1,4400.0
F00948,green gram,9197.6,19.0087,2.0,44.21,7260.0
F00949,chillies and peppers green,9050.8,29.2809,68.0,48.5,1120.0
F00950,oilcrops cake equivalent,692.3,25.2871,2.0,48.23,7800.0
F00951,sweet potatoes,9990.5,42.1347,2.0,40.84,6870.0
F00952,mango,1125.0,28.3333,50.0,38.93,4100.0
F00953,other vegetables fresh n e c,8969.5,25.2878,2.0,51.42,3960.0
F00954,kapok fruit,1619.0,32.8421,23.0,27.06,5250.0
F00955,apple,9460.5,21.1316,98.0,48.55,13325.0
F00956,citrus fruit total,5424.7,20.2837,7.0,42.94,6280.0
F00957,hazelnuts in shell,1965.8,28.0485,27.0,27.9,5600.0
F00958,tung nuts,890.7,24.458,2.0,18.67,2450.0
F00959,coffee green,2284.0,26.4177,7.0,64.88,7700.0
F00960,barley,1592.4,17.8481,4.0,50.48,5206.0
F00961,oil palm fruit,9436.2,31.5621,21.0,67.6,6400.0
F00962,maize,729.9,25.3422,23.0,59.37,2265.0
F00963,triticale,4241.3,22.8121,4.0,66.52,5851.0
F00964,ginger raw,6980.0,24.2385,26.0,49.47,17000.0
F00965,cashew nuts in shell,68.8,25.8548,16.0,15.87,3775.0
F00966,nutmeg mace cardamoms raw,478.3,26.8975,7.0,15.33,5211.0
F00967,oats,3767.9,34.7382,22.0,36.96,2872.0
F00968,papayas,33500.0,21.9856,8.0,31.08,2030.0
F00969,fonio,742.9,23.503,15.0,17.52,3500.0
F00970,bambara beans dry,596.6,24.9236,10.0,19.62,4725.0
F00971,pigeonpeas,1886.8,18.4165,48.0,37.16,6100.0
F00972,cauliflower,5494.8,28.0107,90.0,50.98,1600.0
F00973,beans dry,866.4,29.1798,6.0,10.45,7251.0
F00974,pulses total,1137.0,31.7505,17.0,41.2,5526.0
F00975,karite nuts,1208.5,34.5918,5.0,44.11,22000.0
F00976,flax raw or retted,555.9,24.3212,3.0,12.76,6510.0
F00977,quinces,4981.0,36.7509,9.0,64.5,2475.0
F00978,papayas,10197.1,26.0437,8.0,10.0,5899.0
F00979,chestnuts in shell,1131.9,20.689,10.0,32.59,3705.0
F00980,triticale,2158.3,25.1901,9.0,10.08,2495.0
F00981,abaca manila hemp raw,1154.0,31.3116,10.0,16.87,1825.0
F00982,pigeon peas dry,727.2,23.8812,7.0,18.23,1925.0
F00983,walnuts in shell,2304.5,23.4468,19.0,16.3,2950.0
F00984,chicory roots,20010.8,32.5004,14.0,24.67,5951.0
F00985,asparagus,2500.0,28.5697,23.0,61.2,4155.0
F00986,olives,1683.2,28.0485,5.0,21.05,5210.0
F00987,blueberries,5533.6,25.2827,2.0,43.76,16800.0
F00988,tallowtree seeds,2470.4,22.8123,28.0,34.95,2375.0
F00989,cranberries,6502.6,24.6354,12.0,14.39,3600.0
F00990,vetches,814.0,19.4621,9.0,24.53,1215.0
F00991,string beans,10206.2,28.9025,13.0,19.29,4891.0
F00992,persimmons,7026.3,27.1103,16.0,50.18,3000.0
F00993,peas dry,3517.4,25.9373,78.0,57.08,4041.0
F00994,tea leaves,294.7,29.0731,6.0,62.94,4500.0
F00995,raw hides and skins of sheep or lambs,35.0,29.9371,27.0,40.79,7000.0
F00996,true hemp raw or retted,5502.4,25.4252,38.0,65.69,2660.0
F00997,castor oil seeds,2352.5,25.5194,2.0,29.79,6630.0
F00998,other fibre crops raw n e c,4668.9,29.3695,9.0,14.19,1500.0
F00999,lentil,13210.5,28.4958,2.0,32.96,5975.0
F01000,pyrethrum dried flowers,415.1,25.6245,6.0,10.22,1370.0
F01001,dates,3493.5,23.2558,7.0,40.71,5581.0
F01002,cabbages,17591.8,30.7212,2.0,38.57,3500.0
F01003,artichokes,19038.0,20.0739,2.0,49.25,20630.0
F01004,sugar cane,48170.2,27.8349,104.0,21.42,2770.0
F01005,peppermint spearmint,16225.5,27.3254,84.0,58.99,10100.0
F01006,chestnuts in shell,4519.5,18.4165,10.0,51.03,4250.0
F01007,raw milk of sheep,1055.0,29.812,6.0,67.16,3920.0
F01008,taro,9136.0,19.1283,6.0,60.85,7800.0
F01009,peppermint spearmint,13010.1,25.5566,4.0,50.97,1810.0
F01010,string beans,25278.0,26.1458,26.0,38.34,4980.0
F01011,chick peas dry,1264.2,28.2062,2.0,69.2,1400.0
F01012,chillies and peppers green,12035.5,25.3677,7.0,12.84,10680.0
F01013,peas dry,2183.5,28.8941,18.0,35.26,2350.0
F01014,green gram,835.0,29.0663,4.0,11.41,7790.0
F01015,other fruits n e c,9032.3,22.0461,8.0,57.05,6815.0
F01016,peas green,7668.8,35.6363,68.0,63.72,5950.0
F01017,broad beans and horse beans green,8953.9,24.5115,3.0,32.16,5500.0
F01018,melonseed,398.4,23.0935,9.0,52.29,1810.0
F01019,kiwi fruit,18203.9,23.4838,16.0,29.24,1022.0
F01020,kidneybeans,9054.2,23.1886,2.0,68.0,3670.0
F01021,carrot,389.0,18.1723,12.0,39.36,4800.0
F01022,gur,3084.6,28.1279,2.0,18.57,3800.0
F01023,other citrus fruit n e c,4416.2,24.4256,2.0,64.56,1950.0
F01024,watermelon,41364.5,24.7463,4.0,44.81,5900.0
F01025,other fibre crops raw n e c,1495.7,19.7314,13.0,10.25,3110.0
F01026,sugar crops primary,79732.7,22.7175,7.0,16.88,2622.0
F01027,milk total,19289.0,21.119,40.0,11.68,5600.0
F01028,raw milk of sheep,268.0,30.7646,23.0,21.73,5895.0
F01029,other pome fruits,3000.0,17.4781,14.0,48.24,7550.0
F01030,coconuts in shell,15216.7,27.0445,26.0,35.42,5730.0
F01031,cassava fresh,1760.9,36.0042,40.0,48.9,4830.0
F01032,other tropical fruits n e c,6188.7,22.2287,22.0,52.67,20830.0
F01033,fibre crops fibre equivalent,555.9,24.5925,10.0,26.87,3050.0
F01034,artichokes,14478.4,25.1919,18.0,47.31,6420.0
F01035,kiwi fruit,8936.0,25.1047,27.0,41.51,5950.0
F01036,kidneybeans,27236.7,20.5734,2.0,58.2,5761.0
F01037,sugar beet,62208.5,20.4168,4.0,18.91,2650.0
F01038,soybean,5018.5,23.1094,11.0,37.06,4195.0
F01039,artichokes,5293.1,28.883,9.0,65.65,2530.0
F01040,pulses total,497.2,25.9907,2.0,42.0,3675.0
F01041,fruit primary,11016.1,30.8848,2.0,69.03,5897.0
F01042,karite nuts,1711.3,25.9795,32.0,39.69,8000.0
F01043,cereals n e c,2096.3,23.8272,14.0,24.76,4281.0
F01044,dates,3368.4,21.3514,38.0,41.98,5725.0
F01045,milk total,14181.0,15.9905,3.0,61.4,9805.0
F01046,cabbage,6076.1,29.1204,4.0,15.63,2175.0
F01047,gooseberries,5846.2,31.5585,18.0,17.36,13160.0
F01048,tallowtree seeds,2470.4,26.2131,4.0,48.03,6800.0
F01049,apricots,9017.2,29.3371,9.0,64.64,4700.0
F01050,other stone fruits,2500.0,27.3116,18.0,39.77,4550.0
F01051,fibre crops fibre equivalent,335.7,19.6914,9.0,61.85,4100.0
F01052,other stimulant spice and aromatic crops n e c,995.9,28.8427,2.0,38.92,3050.0
F01053,brinjal,38145.4,23.3591,6.0,60.25,3500.0
F01054,locust beans,12686.5,29.8686,36.0,46.65,1390.0
F01055,cabbages,9568.8,28.7649,5.0,24.78,6900.0
F01056,kola nuts,417.6,26.2081,30.0,29.03,4000.0
F01057,blueberries,5144.3,42.5474,104.0,27.06,10000.0
F01058,muskmelon,10969.2,29.3408,16.0,21.72,6165.0
F01059,kiwi fruit,25773.9,20.0934,21.0,49.63,2790.0
F01060,natural rubber in primary forms,1630.0,28.1884,23.0,59.68,3800.0
F01061,chillies and peppers green,3379.2,17.5745,2.0,66.21,1500.0
F01062,raw hides and skins of goats or kids,26.0,27.968,16.0,18.18,6400.0
F01063,hempseed,834.2,27.7333,16.0,60.45,4000.0
F01064,mat leaves,6266.0,18.2623,6.0,63.84,2925.0
F01065,blueberries,6950.6,29.8913,26.0,11.44,3965.0
F01066,papaya,3887.1,39.7315,11.0,67.01,625.0
F01067,raspberries,2750.0,33.557,2.0,31.74,6780.0
F01068,jute raw or retted,1413.4,28.0817,2.0,60.32,4691.0
F01069,tomatoes,100723.9,25.4091,2.0,31.89,3450.0
F01070,chickpea,29942.4,19.9526,52.0,15.88,1620.0
F01071,eggs primary,74203.0,23.1931,10.0,52.22,1285.0
F01072,lentil,30981.0,29.0594,4.0,45.72,5405.0
F01073,artichokes,16627.7,26.591,4.0,61.02,10000.0
F01074,quinces,951.0,30.9122,6.0,50.17,7650.0
F01075,roots and tubers total,22450.3,18.4397,9.0,43.01,635.0
F01076,linseed,333.6,24.0183,16.0,19.37,7300.0
F01077,safflower seed,719.1,29.9808,2.0,22.27,2300.0
F01078,strawberries,27084.2,27.0691,8.0,16.17,2453.0
F01079,jute raw or retted,2562.9,24.3697,21.0,41.29,20000.0
F01080,other citrus fruit n e c,12773.9,28.5068,4.0,31.64,5130.0
F01081,papaya,11140.8,35.3288,50.0,62.12,5751.0
F01082,green corn,3933.5,28.2851,3.0,48.68,2755.0
F01083,pigeonpeas,3412.6,33.6477,2.0,53.6,2105.0
F01084,roots and tubers total,20484.4,31.2718,50.0,27.58,20125.0
F01085,other stone fruits,3400.0,23.2523,8.0,57.65,5700.0
F01086,seed cotton unginned,6635.2,24.548,7.0,57.51,6250.0
F01087,other citrus fruit n e c,10939.9,23.8059,30.0,65.29,2400.0
F01088,unmanufactured tobacco,994.7,21.4245,2.0,62.86,3545.0
F01089,vanilla raw,47.0,23.5337,16.0,21.47,2985.0
F01090,pulses total,3599.6,32.7175,16.0,67.28,6575.0
F01091,watermelon,527.9,26.8437,66.0,28.27,7100.0
F01092,arhar,8508.1,29.0741,6.0,40.29,6120.0
F01093,peas green,4320.2,27.8964,50.0,36.32,6450.0
F01094,millet,2933.3,21.9477,4.0,49.56,3810.0
F01095,raw milk of buffalo,4990.0,30.0159,27.0,43.67,1605.0
F01096,string beans,11196.2,28.4343,27.0,21.97,2595.0
F01097,peas dry,2154.3,26.5354,2.0,21.27,2500.0
F01098,gur,333.0,19.2009,25.0,27.92,4560.0
F01099,other pome fruits,747.5,22.3551,26.0,23.89,1400.0
F01100,locust beans,5184.7,24.3212,23.0,18.14,10000.0
F01101,poppy seed,617.8,28.0548,26.0,58.78,4355.0
F01102,rye,1097.7,30.3328,7.0,43.92,2196.0
F01103,peppermint spearmint,6000.0,29.8913,56.0,14.25,6340.0
F01104,banana,11793.5,29.2114,23.0,63.77,2940.0
F01105,gooseberries,8539.2,24.8395,26.0,62.55,5800.0
F01106,areca nuts,1686.1,31.6553,4.0,54.2,7830.0
F01107,poppy seed,555.8,27.0242,6.0,30.09,2440.0
F01108,cow peas dry,475.3,31.0127,5.0,25.04,3780.0
F01109,chicory roots,36291.8,35.3915,14.0,62.15,2425.0
F01110,flax raw or retted,962.3,18.3589,8.0,54.98,4650.0
F01111,tomatoes,351000.0,23.7103,14.0,34.93,4400.0
F01112,soybean,1173.0,19.6221,44.0,13.54,4280.0
F01113,lemons and limes,3866.3,27.415,12.0,41.06,4500.0
F01114,hempseed,850.0,19.3267,90.0,32.62,5841.0
F01115,green gram,7520.7,26.1699,52.0,29.63,7000.0
F01116,karite nuts,1208.5,25.9783,40.0,36.99,6000.0
F01117,other citrus fruit n e c,6058.7,25.4623,12.0,11.74,2200.0
F01118,areca nuts,3042.1,23.9814,68.0,57.04,7100.0
F01119,mixed grain,4176.9,29.976,12.0,49.55,2540.0
F01120,tomatoes,38034.1,27.0537,22.0,47.27,835.0
F01121,jute raw or retted,2359.7,28.4206,11.0,14.48,5200.0
F01122,soya beans,603.3,25.5496,12.0,40.84,7150.0
F01123,quinoa,676.8,21.9477,30.0,10.71,1360.0
F01124,ginger raw,12989.6,26.8153,2.0,54.01,6650.0
F01125,unmanufactured tobacco,1620.1,25.099,2.0,14.91,2515.0
F01126,pomelos and grapefruits,5107.9,23.0897,46.0,13.72,4091.0
F01127,vanilla raw,250.0,34.74,30.0,41.92,4199.0
F01128,edible roots and tubers with high starch or inulin content n e c fresh,6666.7,28.0032,4.0,51.49,3100.0
F01129,garlic,36.0,32.6807,42.0,46.05,19550.0
F01130,agave fibres raw n e c,1335.8,28.3189,26.0,47.82,6520.0
F01131,chestnuts in shell,2520.0,26.0163,8.0,12.4,4050.0
F01132,pulses total,1953.2,23.626,18.0,44.18,2481.0
F01133,cassava fresh,12157.1,26.591,14.0,13.52,3000.0
F01134,dates,2546.2,21.9856,20.0,41.85,2830.0
F01135,bambara beans dry,823.6,25.0707,36.0,54.11,1600.0
F01136,other beans green,9521.1,24.8892,3.0,54.05,2765.0
F01137,fibre crops fibre equivalent,2550.5,28.5697,8.0,51.39,7140.0
F01138,vetches,12158.3,31.7045,6.0,32.41,2420.0
F01139,other berries and fruits of the genus vaccinium n e c,9366.6,27.7736,7.0,24.31,5600.0
F01140,broad beans and horse beans dry,6274.1,24.8402,2.0,38.14,5500.0
F01141,artichokes,15028.2,26.5661,54.0,30.79,1300.0
F01142,citrus fruit total,4588.2,22.7704,17.0,25.1,2025.0
F01143,natural rubber in primary forms,1630.0,25.949,3.0,44.08,1320.0
F01144,rye,2781.4,26.8863,40.0,11.46,5927.0
F01145,soybean,21151.9,25.7218,4.0,53.94,3941.0
F01146,bambara beans dry,1098.6,23.9289,38.0,18.27,2400.0
F01147,wheat,4266.1,12.087,6.0,67.44,2782.0
F01148,sesame seed,801.5,18.4167,5.0,20.49,8500.0
F01149,chillies and peppers dry raw,3807.1,24.4435,5.0,14.83,6385.0
F01150,cauliflowers and broccoli,16891.9,26.7369,62.0,48.35,1320.0
F01151,tangerines mandarins clementines,19969.6,32.4458,2.0,33.8,4650.0
F01152,lentils dry,514.2,9.9499,2.0,53.09,2951.0
F01153,artichokes,7648.9,20.2137,15.0,16.56,2772.0
F01154,cinnamon and cinnamon tree flowers raw,654.2,34.9317,26.0,34.39,2080.0
F01155,pumpkins squash and gourds,11969.0,26.9152,2.0,68.33,25500.0
F01156,carrots and turnips,26290.1,21.6663,52.0,55.83,6447.0
F01157,cabbage,4335.7,32.893,28.0,57.71,375.0
F01158,pistachios in shell,208.3,28.3333,8.0,66.65,5130.0
F01159,pomegranate,4312.4,18.2623,7.0,25.0,4150.0
F01160,carrots and turnips,18352.8,28.3004,7.0,47.94,1200.0
F01161,arhar,1286.3,26.1388,6.0,60.34,5626.0
F01162,raw hides and skins of cattle,372.0,19.4462,4.0,59.2,3690.0
F01163,sunflower seed,2100.1,20.8797,2.0,54.76,4365.0
F01164,raw hides and skins of goats or kids,25.0,25.8504,11.0,40.59,4285.0
F01165,sesame seed,966.7,29.5052,14.0,34.07,2460.0
F01166,bajra,413.3,22.3194,5.0,55.51,2650.0
F01167,cocoa beans,841.2,19.3267,25.0,21.07,5840.0
F01168,vetches,1162.8,26.7746,44.0,19.1,2600.0
F01169,blueberries,5247.9,18.1791,4.0,53.39,6930.0
F01170,bambara beans dry,569.1,24.4256,14.0,22.26,2125.0
F01171,chicory roots,30013.4,31.9699,2.0,56.86,3750.0
F01172,buckwheat,782.0,27.5359,8.0,25.88,6114.0
F01173,pomegranate,11974.7,18.0969,2.0,52.08,6415.0
F01174,arhar,5583.5,27.7234,4.0,55.77,6995.0
F01175,peas dry,671.3,28.1746,6.0,67.94,5851.0
F01176,raw hides and skins of goats or kids,17.0,27.5219,4.0,14.21,2515.0
F01177,coffee,842.5,24.5925,8.0,30.22,5430.0
F01178,bajra,3701.1,24.5159,132.0,69.59,2290.0
F01179,raw hides and skins of buffaloes,253.0,29.8075,3.0,64.12,6135.0
F01180,raw milk of cattle,69837.0,13.7032,26.0,38.36,7230.0
F01181,kola nuts,454.8,23.4397,11.0,54.39,4371.0
F01182,walnuts in shell,3932.6,24.8321,28.0,36.49,6448.0
F01183,apple,59741.6,22.3624,18.0,46.86,7900.0
F01184,cloves raw,390.1,25.8548,12.0,69.28,6200.0
F01185,plantains and cooking bananas,5129.0,18.8775,2.0,63.91,2281.0
F01186,asparagus,5874.3,29.8789,5.0,21.26,2178.0
F01187,coconut,15833.3,28.2891,9.0,40.07,4810.0
F01188,cantaloupes and other melons,42491.7,27.5783,11.0,54.95,3600.0
F01189,coffee,5912.7,26.6738,9.0,65.98,3950.0
F01190,peas green,3770.6,27.9564,52.0,25.31,9000.0
F01191,millet,1217.2,25.2746,2.0,25.18,15950.0
F01192,cassava leaves,10000.0,25.9402,24.0,28.33,6650.0
F01193,jute,24300.4,24.8062,26.0,63.09,7441.0
F01194,brinjal,688.9,27.5785,4.0,12.42,2400.0
F01195,spinach,11747.1,19.0794,6.0,27.69,2420.0
F01196,buckwheat,532.2,18.8978,2.0,34.12,7400.0
F01197,groundnut,1126.7,29.5733,4.0,64.62,5255.0
F01198,soya beans,2000.0,24.3832,4.0,24.4,5981.0
F01199,artichokes,20177.0,21.5871,44.0,52.18,6175.0
F01200,mungbean,8159.9,27.1103,10.0,55.36,4300.0
F01201,plums and sloes,4386.4,18.1791,52.0,41.2,1000.0
F01202,bhindi,18380.6,25.2693,2.0,25.61,1120.0
F01203,other oil seeds n e c,1333.6,28.0957,12.0,15.32,7300.0
F01204,millet,666.9,21.0727,8.0,66.7,6165.0
F01205,tung nuts,2550.7,28.6291,2.0,11.31,2650.0
F01206,jute raw or retted,2359.7,28.9632,2.0,32.74,5425.0
F01207,pulses total,1637.7,26.3354,5.0,60.25,2400.0
F01208,sugar beet,75100.8,26.1396,4.0,55.1,7200.0
F01209,carrot,1009.0,23.6148,2.0,55.78,1900.0
F01210,cashew nuts in shell,565.4,21.3185,44.0,30.34,4000.0
F01211,green corn,3726.8,30.3826,6.0,26.63,3900.0
F01212,strawberries,11490.8,24.8544,2.0,33.65,23500.0
F01213,eggs primary,187158.0,23.884,54.0,65.38,1400.0
F01214,hempseed,1066.2,22.8121,46.0,50.38,3000.0
F01215,groundnuts excluding shelled,757.1,27.5101,24.0,25.43,3400.0
F01216,banana,9831.6,27.6675,50.0,36.99,3200.0
F01217,coffee green,297.7,26.5287,4.0,40.5,4091.0
F01218,sugar beet,53583.4,22.6832,16.0,62.56,5612.0
F01219,apple,10870.7,23.3523,14.0,67.53,8500.0
F01220,chick peas dry,1372.9,33.4127,3.0,42.98,5660.0
F01221,other beans green,5401.6,26.3891,10.0,38.0,15400.0
F01222,spinach,12974.6,24.7249,10.0,25.94,6370.0
F01223,lupins,1764.3,25.8504,7.0,53.12,2477.0
F01224,pears,6571.4,37.1317,3.0,14.63,2170.0
F01225,yautia,13532.9,34.8725,42.0,25.65,6685.0
F01226,gur,1428.6,35.7878,10.0,69.81,3825.0
F01227,strawberries,27025.8,23.1931,24.0,26.31,6290.0
F01228,tea leaves,12347.4,28.7973,2.0,45.04,2362.0
F01229,peppermint spearmint,19339.6,27.322,8.0,39.88,6190.0
F01230,sunflower seed,1129.2,24.0648,13.0,35.64,3490.0
F01231,jute raw or retted,888.9,24.8743,7.0,26.11,2275.0
F01232,unmanufactured tobacco,2858.1,26.1144,16.0,34.4,11240.0
F01233,lettuce and chicory,27964.6,19.3011,6.0,23.79,6225.0
F01234,banana,11718.5,27.7182,2.0,69.32,3080.0
F01235,canary seed,782.7,22.792,7.0,59.78,5950.0
F01236,roots and tubers total,15029.0,28.7649,6.0,65.94,8705.0
F01237,other fruits n e c,5496.3,32.8632,10.0,34.1,4130.0
F01238,mungbean,704.1,29.7554,14.0,29.16,7275.0
F01239,hazelnuts in shell,465.1,27.0242,3.0,52.99,7200.0
F01240,currants,7853.1,38.7322,2.0,42.22,1400.0
F01241,onions and shallots dry,21859.9,18.5251,2.0,36.42,930.0
F01242,gur,5000.0,19.4462,11.0,13.46,4980.0
F01243,vegetables primary,6914.2,23.6729,32.0,58.9,10000.0
F01244,sweet potatoes,5767.5,24.5344,22.0,43.21,2250.0
F01245,rape or colza seed,740.3,23.3036,2.0,57.31,6817.0
F01246,tallowtree seeds,2470.4,30.8888,2.0,32.64,7700.0
F01247,cassava leaves,10000.0,22.4872,44.0,41.29,4151.0
F01248,lentils dry,514.2,25.4859,2.0,32.97,5875.0
F01249,cow peas dry,4736.2,23.9814,33.0,28.89,3875.0
F01250,flax raw or retted,3929.1,28.0958,10.0,26.54,2110.0
F01251,cereals n e c,1939.6,35.2146,50.0,39.66,5370.0
F01252,groundnut,52345.0,13.285,22.0,44.19,3600.0
F01253,rice,6061.3,22.1793,2.0,15.96,3800.0
F01254,currants,4405.1,27.9429,23.0,20.9,5571.0
F01255,anise badian coriander cumin caraway fennel and juniper berries raw,1172.9,25.0897,9.0,39.32,5631.0
F01256,groundnut,14968.8,20.0022,16.0,27.21,5340.0
F01257,yams,4950.1,26.0303,11.0,43.63,510.0
F01258,tallowtree seeds,2470.4,27.3179,32.0,59.2,2012.0
F01259,other fruits n e c,11426.7,23.8976,30.0,50.17,4151.0
F01260,anise badian coriander cumin caraway fennel and juniper berries raw,3144.5,28.4381,144.0,62.5,8215.0
F01261,tallowtree seeds,2470.4,27.9303,2.0,35.87,2150.0
F01262,ramie raw or retted,941.2,20.9341,2.0,47.21,7000.0
F01263,lentils dry,2582.4,22.8056,9.0,64.42,5290.0
F01264,orange,27104.3,26.5661,24.0,39.34,6110.0
F01265,green gram,1150.1,27.8263,8.0,35.77,7000.0
F01266,broad beans and horse beans dry,2134.5,26.5874,26.0,48.26,5650.0
F01267,other stimulant spice and aromatic crops n e c,1024.9,25.6129,8.0,58.87,4150.0
F01268,pineapples,134036.6,27.6817,7.0,20.93,3973.0
F01269,pistachios in shell,208.3,20.8647,4.0,25.59,4320.0
F01270,cloves raw,349.1,33.3302,2.0,17.75,10500.0
F01271,cotton,4224.3,24.3018,17.0,42.69,7570.0
F01272,coffee,32423.3,27.5101,2.0,43.84,5450.0
F01273,mango,7141.4,32.6113,2.0,59.95,5000.0
F01274,groundnut,8397.4,9.468,6.0,52.54,6330.0
F01275,lemons and limes,34235.9,25.4623,9.0,50.67,5740.0
F01276,treenuts total,1289.3,28.3869,6.0,19.54,6441.0
F01277,canary seed,2746.1,26.3798,15.0,23.44,5900.0
F01278,watermelon,34483.9,24.43,12.0,20.29,2785.0
F01279,millet,1353.0,23.6057,26.0,52.77,2470.0
F01280,pepper raw,1797.6,29.8686,14.0,33.65,8865.0
F01281,plums and sloes,7360.0,23.1334,2.0,49.12,2690.0
F01282,spinach,10998.4,29.35,23.0,22.24,3545.0
F01283,peppermint spearmint,16518.3,24.3094,50.0,48.17,3970.0
F01284,cereals n e c,805.5,25.741,8.0,31.07,2300.0
F01285,rape or colza seed,2684.0,21.0221,36.0,65.2,4076.0
F01286,chilli,12649.1,25.4469,9.0,51.33,3400.0
F01287,edible roots and tubers with high starch or inulin content n e c fresh,13822.2,30.1187,50.0,55.96,7650.0
F01288,barley,1935.7,20.0454,62.0,62.51,4150.0
F01289,cloves raw,245.5,28.4452,2.0,22.52,2300.0
F01290,oilcrops cake equivalent,225.7,25.0093,2.0,46.06,2390.0
F01291,other stone fruits,2224.5,26.5499,22.0,67.91,7710.0
F01292,other beans green,5000.0,20.6753,14.0,11.55,4616.0
F01293,fruit primary,30983.4,27.2743,26.0,31.65,3800.0
F01294,other vegetables fresh n e c,12953.2,18.3695,2.0,67.61,6805.0
F01295,dates,6998.7,25.741,9.0,59.18,5801.0
F01296,plantains and cooking bananas,6379.6,21.8062,4.0,25.38,1285.0
F01297,poppy seed,696.9,20.1304,2.0,37.75,1205.0
F01298,raspberries,4137.5,23.6646,17.0,29.93,3650.0
F01299,other tropical fruits n e c,6963.0,31.7411,50.0,39.19,6040.0
F01300,banana,12190.6,29.3825,26.0,69.6,2140.0
F01301,raw milk of goats,310.0,24.9264,44.0,38.22,5000.0
F01302,raw milk of cattle,31909.0,30.0855,36.0,50.95,7250.0
F01303,papaya,3409.3,32.6807,3.0,54.13,4100.0
F01304,coffee,364.6,27.5591,26.0,52.27,1030.0
F01305,sesame seed,613.3,25.376,4.0,24.61,5500.0
F01306,gooseberries,5833.3,22.4042,4.0,36.54,7355.0
F01307,cinnamon and cinnamon tree flowers raw,637.9,27.3254,3.0,11.97,9300.0
F01308,raw milk of goats,1013.0,36.3005,90.0,14.89,3000.0
F01309,plantains and cooking bananas,5295.4,26.8863,16.0,51.19,790.0
F01310,pomegranate,5578.7,19.386,46.0,17.21,4130.0
F01311,other oil seeds n e c,1130.3,22.6036,24.0,41.5,7560.0
F01312,papayas,31532.0,30.9023,104.0,66.91,7200.0
F01313,soybean,27.0,34.9466,2.0,35.89,4125.0
F01314,blueberries,6909.1,29.6995,36.0,45.66,4195.0
F01315,lentils dry,1475.3,38.4192,28.0,60.3,5400.0
F01316,blueberries,6158.0,27.2743,48.0,51.41,6350.0
F01317,mothbeans,2223.0,29.9884,2.0,47.37,2432.0
F01318,string beans,9022.3,21.4245,144.0,27.82,1540.0
F01319,other citrus fruit n e c,15607.3,23.979,7.0,12.94,7090.0
F01320,abaca manila hemp raw,1300.5,22.1911,4.0,59.94,5855.0
F01321,spinach,516.2,21.1435,9.0,39.0,6950.0
F01322,chestnuts in shell,1059.9,24.8144,2.0,26.23,9020.0
F01323,avocados,39617.6,19.4534,11.0,10.07,2520.0
F01324,sweet potatoes,14934.4,39.0407,2.0,67.18,1420.0
F01325,beans dry,668.2,28.5068,6.0,65.43,2610.0
F01326,tea leaves,6390.4,32.4547,2.0,61.12,6350.0
F01327,raw milk of buffalo,6390.0,31.4845,21.0,57.0,2600.0
F01328,persimmons,3762.9,18.8978,6.0,37.36,7110.0
F01329,raspberries,5888.9,23.174,4.0,26.61,4155.0
F01330,cucumbers and gherkins,11538.2,34.3733,10.0,26.07,3700.0
F01331,other sugar crops n e c,7194.5,25.6322,10.0,49.33,6825.0
F01332,other fibre crops raw n e c,1247.7,22.4338,11.0,37.92,1750.0
F01333,sugar beet,74361.3,26.1144,4.0,57.15,6000.0
F01334,figs,1708.8,24.5115,21.0,30.78,7300.0
F01335,walnuts in shell,3000.0,26.7455,2.0,23.36,3500.0
F01336,triticale,3364.2,27.5935,13.0,63.88,4313.0
F01337,broad beans and horse beans dry,1199.7,25.719,5.0,16.44,6350.0
F01338,cauliflowers and broccoli,7694.7,31.7411,20.0,37.07,7000.0
F01339,rice,1400.0,26.8008,4.0,54.68,2811.0
F01340,sesame seed,1508.4,28.6984,4.0,66.49,6175.0
F01341,hop cones,758.7,16.2447,54.0,17.23,360.0
F01342,tomatoes,12062.1,17.9278,2.0,20.73,2760.0
F01343,nutmeg mace cardamoms raw,498.3,28.0107,42.0,32.37,4000.0
F01344,mangoes guavas and mangosteens,10078.4,28.9659,30.0,29.93,2000.0
F01345,broad beans and horse beans green,15601.7,19.6365,4.0,27.48,4326.0
F01346,other sugar crops n e c,14165.1,22.3563,120.0,31.46,7600.0
F01347,agave fibres raw n e c,453.4,28.9545,18.0,49.71,6000.0
F01348,jute,206281.3,24.3075,2.0,21.16,6270.0
F01349,coconut,6074.1,28.278,9.0,32.8,2275.0
F01350,cinnamon and cinnamon tree flowers raw,1760.4,28.6918,8.0,59.31,4200.0
F01351,peas dry,1791.1,27.1971,7.0,11.31,3000.0
F01352,persimmons,21657.1,24.1439,18.0,55.42,7760.0
F01353,groundnut,26.0,28.9295,22.0,55.13,5680.0
F01354,tomatoes,8488.7,29.5052,62.0,64.84,6230.0
F01355,raw hides and skins of buffaloes,339.0,20.2837,2.0,40.69,5402.0
F01356,blueberries,5751.5,28.2348,8.0,43.76,4925.0
F01357,karite nuts,867.4,19.6242,48.0,28.85,3165.0
F01358,sugar beet,38145.4,26.2149,82.0,65.2,5400.0
F01359,soya beans,875.5,26.2834,34.0,23.53,4250.0
F01360,locust beans,2118.1,29.976,3.0,65.1,4280.0
F01361,fonio,947.8,19.1629,13.0,26.29,5510.0
F01362,other sugar crops n e c,13099.4,28.6828,8.0,20.52,6705.0
F01363,leeks and other alliaceous vegetables,24795.7,28.1743,2.0,41.58,2000.0
F01364,flax raw or retted,1125.0,26.6533,2.0,10.26,2730.0
F01365,other beans green,13069.3,19.711,2.0,43.4,5983.0
F01366,chillies and peppers green,34059.1,31.2193,10.0,45.98,5490.0
F01367,fibre crops fibre equivalent,2334.7,27.2537,8.0,47.37,6300.0
F01368,fibre crops fibre equivalent,571.2,9.468,32.0,17.57,1700.0
F01369,safflower seed,842.3,25.5074,3.0,28.78,6120.0
F01370,watermelon,11087.3,25.7945,2.0,45.27,3951.0
F01371,areca nuts,2351.0,15.7737,4.0,34.24,12050.0
F01372,watermelon,24314.8,24.8609,10.0,53.36,5415.0
F01373,groundnuts excluding shelled,533.4,26.0597,98.0,55.27,4085.0
F01374,canary seed,816.9,26.2834,2.0,48.49,4350.0
F01375,cantaloupes and other melons,22029.4,24.5681,10.0,46.62,750.0
F01376,vetches,3046.3,25.1789,26.0,34.93,4300.0
F01377,gooseberries,1335.0,20.3672,4.0,25.68,6341.0
F01378,chillies and peppers dry raw,3045.0,26.6142,44.0,10.22,5730.0
F01379,pomegranate,2099.0,19.6633,23.0,56.12,7890.0
F01380,string beans,9120.1,28.6673,4.0,32.26,5835.0
F01381,safflower seed,1945.5,24.4584,14.0,33.33,3940.0
F01382,groundnut,1862.9,23.224,9.0,68.93,6925.0
F01383,banana,2353.7,27.4861,13.0,57.62,575.0
F01384,fibre crops fibre equivalent,2358.2,29.246,7.0,64.99,3950.0
F01385,mustard seed,666.7,23.1334,2.0,13.55,2417.0
F01386,seed cotton unginned,4518.8,27.8205,2.0,22.25,5750.0
F01387,canary seed,816.9,25.7935,6.0,41.71,7200.0
F01388,ginger,512.6,33.6686,2.0,46.73,2900.0
F01389,persimmons,15875.7,22.956,21.0,69.2,2035.0
F01390,persimmons,21814.3,26.8194,9.0,52.11,20510.0
F01391,orange,15210.6,13.3605,18.0,57.2,5865.0
F01392,poppy seed,810.0,25.033,16.0,23.34,2670.0
F01393,garlic,17749.4,34.7609,7.0,23.09,12000.0
F01394,oats,1053.9,27.1491,28.0,66.25,4350.0
F01395,cassava fresh,24677.9,19.4621,23.0,40.46,5600.0
F01396,broad beans and horse beans green,5943.2,31.129,62.0,65.8,4900.0
F01397,soya beans,2512.1,25.1374,28.0,68.61,2230.0
F01398,agave fibres raw n e c,570.4,33.3698,4.0,17.08,2439.0
F01399,raw milk of buffalo,18212.0,21.0525,36.0,50.48,3550.0
F01400,cloves raw,265.1,33.4687,4.0,34.57,4280.0
F01401,cassava fresh,16676.9,20.6543,28.0,54.91,5400.0
F01402,eggs from other birds in shell fresh n e c,84581.0,25.0116,4.0,49.27,3800.0
F01403,vegetables primary,8749.0,25.3677,4.0,36.45,2480.0
F01404,milk total,76458.0,21.127,24.0,35.56,6000.0
F01405,muskmelon,30651.9,27.5935,2.0,68.83,2505.0
F01406,cassava leaves,10000.0,23.8572,13.0,61.22,2550.0
F01407,groundnuts excluding shelled,1490.3,29.0296,17.0,64.23,11000.0
F01408,raw hides and skins of cattle,195.0,22.4332,46.0,20.03,6740.0
F01409,asparagus,2250.6,26.7351,16.0,42.45,5800.0
F01410,cauliflowers and broccoli,20000.0,23.6012,46.0,59.61,4600.0
F01411,flax raw or retted,1125.0,29.5875,6.0,69.86,10770.0
F01412,hempseed,1033.6,27.7182,40.0,60.57,6615.0
F01413,roots and tubers total,15377.8,28.6141,50.0,18.89,3800.0
F01414,blackgram,6893.7,27.8133,11.0,38.2,2470.0
F01415,arhar,733.3,19.0781,5.0,13.33,7650.0
F01416,buckwheat,3518.6,26.0163,4.0,58.6,10160.0
F01417,lemons and limes,2461.9,22.7277,2.0,25.86,900.0
F01418,yautia,13836.9,32.7477,7.0,49.3,1135.0
F01419,mothbeans,10281.0,25.5063,10.0,66.65,6496.0
F01420,canary seed,1092.6,14.78,16.0,44.2,2491.0
F01421,peas dry,1024.3,26.4402,4.0,39.66,3030.0
F01422,hazelnuts in shell,1230.4,24.1308,18.0,49.58,17200.0
F01423,persimmons,21325.0,20.2777,28.0,26.76,1615.0
F01424,cloves raw,360.3,22.033,3.0,54.98,5530.0
F01425,other fruits n e c,21617.8,20.4895,26.0,17.6,4340.0
F01426,mango,13814.5,35.3778,2.0,15.37,4400.0
F01427,ginger,387.1,28.385,10.0,40.6,4105.0
F01428,ginger raw,10415.6,27.44,2.0,29.49,8600.0
F01429,pigeon peas dry,910.0,27.8133,4.0,21.12,5735.0
F01430,other berries and fruits of the genus vaccinium n e c,6156.6,23.2632,4.0,39.26,2417.0
F01431,cabbage,371.5,27.1051,2.0,50.68,2200.0
F01432,plums and sloes,7444.1,28.5417,24.0,65.79,1400.0
F01433,seed cotton unginned,1176.3,23.4799,27.0,40.0,6630.0
F01434,safflower seed,1470.6,20.5305,5.0,26.55,4105.0
F01435,mustard,38035.7,27.9564,9.0,62.28,5325.0
F01436,raw milk of buffalo,16444.0,22.2287,80.0,29.38,6599.0
F01437,hazelnuts in shell,2778.6,25.033,23.0,59.82,4485.0
F01438,watermelon,42597.2,26.6635,3.0,30.32,5550.0
F01439,raw milk of buffalo,1595.0,23.4426,14.0,41.99,2431.0
F01440,other citrus fruit n e c,7068.9,24.8402,2.0,39.28,6750.0
F01441,mango,878.4,32.2694,20.0,49.23,3300.0
F01442,milk total,23056.0,26.2866,44.0,49.3,3710.0
F01443,kiwi fruit,17703.0,23.8748,68.0,21.54,2300.0
F01444,cloves raw,377.7,29.7014,2.0,42.6,3525.0
F01445,ramie raw or retted,1187.5,40.77,14.0,67.86,3425.0
F01446,banana,33973.3,28.3119,4.0,34.03,2945.0
F01447,chilli,5302.4,18.0649,20.0,29.9,1820.0
F01448,other berries and fruits of the genus vaccinium n e c,11890.9,25.2801,2.0,27.55,5500.0
F01449,peaches and nectarines,22200.5,20.5734,2.0,38.15,4345.0
F01450,orange,19580.6,32.3194,22.0,52.33,3020.0
F01451,fibre crops fibre equivalent,120.2,17.828,46.0,18.16,7150.0
F01452,rye,3580.0,26.9245,26.0,19.63,2100.0
F01453,cocoa beans,631.6,24.3887,18.0,58.23,2771.0
F01454,canary seed,443.5,19.6492,24.0,69.42,6030.0
F01455,gur,7454.0,29.2114,14.0,63.33,3295.0
F01456,other stone fruits,8688.5,24.8062,2.0,46.76,3601.0
F01457,cocoa beans,103.1,34.7609,9.0,28.41,7440.0
F01458,banana,26458.5,25.1475,6.0,30.48,1500.0
F01459,carrot,32648.4,27.6355,14.0,22.08,6200.0
F01460,cereals primary,6977.8,23.0204,8.0,69.22,7300.0
F01461,figs,2812.0,41.4197,36.0,34.0,4500.0
F01462,cinnamon and cinnamon tree flowers raw,670.3,23.058,4.0,12.18,3450.0
F01463,vetches,948.4,29.8211,5.0,44.59,6100.0
F01464,taro,18974.0,20.972,6.0,29.13,6000.0
F01465,raw milk of buffalo,4990.0,18.0969,11.0,20.92,5650.0
F01466,raw milk of camel,2633.0,28.1218,7.0,36.97,4321.0
F01467,kidneybeans,3479.5,23.4426,18.0,37.15,6852.0
F01468,tangerines mandarins clementines,7638.3,27.8125,26.0,64.38,4175.0
F01469,pears,16576.2,17.6655,2.0,60.71,6000.0
F01470,kiwi fruit,22681.0,26.7343,6.0,66.53,4750.0
F01471,peppermint spearmint,16225.5,26.5974,4.0,56.66,2855.0
F01472,plantains and cooking bananas,12373.3,21.3185,5.0,29.04,2840.0
F01473,chicory roots,34710.1,27.9564,9.0,67.84,2500.0
F01474,strawberries,6774.8,17.8485,6.0,37.46,6900.0
F01475,tangerines mandarins clementines,4568.9,22.3551,22.0,15.06,4210.0
F01476,vegetables primary,5516.5,27.6675,40.0,59.3,6050.0
F01477,eggplants,4156.5,33.4908,9.0,68.16,1875.0
F01478,hazelnuts in shell,921.2,13.3605,24.0,41.52,7475.0
F01479,castor oil seeds,880.0,22.7127,26.0,55.44,1070.0
F01480,pears,21093.8,29.9441,12.0,43.61,3445.0
F01481,chick peas dry,2176.2,27.3473,56.0,29.3,1055.0
F01482,kenaf and other textile bast fibres raw or retted,1022.2,28.3629,23.0,13.04,8560.0
F01483,nutmeg mace cardamoms raw,512.6,24.7742,9.0,34.55,4100.0
F01484,onions and shallots green,12690.5,26.1416,2.0,59.65,4060.0
F01485,tomatoes,8886.8,30.2016,54.0,26.69,2500.0
F01486,milk total,106420.0,24.8395,2.0,26.03,4850.0
F01487,other pome fruits,747.5,27.4171,2.0,53.46,7610.0
F01488,mango,16172.8,32.3236,24.0,35.47,2690.0
F01489,locust beans,2067.4,24.8144,7.0,27.39,6850.0
F01490,other oil seeds n e c,1507.3,34.0362,54.0,47.94,1960.0
F01491,groundnuts excluding shelled,3972.8,43.302,2.0,35.11,7580.0
F01492,arhar,78217.2,20.5305,26.0,17.18,6000.0
F01493,karite nuts,1141.3,24.5344,2.0,45.95,1640.0
F01494,rice,2955.6,20.2671,26.0,56.35,2645.0
F01495,olives,900.6,19.3643,7.0,33.41,3980.0
F01496,sugar beet,86306.7,27.5644,34.0,61.26,5500.0
F01497,asparagus,4917.9,24.164,2.0,24.26,5600.0
F01498,taro,8433.5,25.256,48.0,20.61,5720.0
F01499,pyrethrum dried flowers,637.8,16.5346,2.0,60.93,6141.0
F01500,edible roots and tubers with high starch or inulin content n e c fresh,9060.2,22.7708,68.0,60.42,3200.0
F01501,carrots and turnips,17331.4,27.8113,34.0,26.77,7300.0
F01502,vetches,2893.8,21.8411,68.0,29.68,5725.0
F01503,lentil,497.0,21.355,10.0,64.55,6311.0
F01504,mixed grain,3217.7,29.7701,16.0,67.29,4600.0
F01505,cinnamon and cinnamon tree flowers raw,702.3,24.4862,6.0,10.75,6000.0
F01506,fonio,798.8,26.709,4.0,36.53,6375.0
F01507,quinoa,1803.3,28.2278,5.0,34.56,6180.0
F01508,fruit primary,5858.6,27.9237,48.0,63.33,1400.0
F01509,canary seed,1429.3,19.7314,24.0,15.71,5562.0
F01510,onions and shallots green,9329.3,19.4179,82.0,14.69,2000.0
F01511,papaya,6000.0,31.5621,5.0,37.03,4002.0
F01512,pumpkins squash and gourds,21988.1,11.5479,68.0,59.95,4600.0
F01513,cabbages,16246.7,25.7872,14.0,66.71,4310.0
F01514,karite nuts,1141.3,31.0222,2.0,38.0,5890.0
F01515,string beans,11852.2,23.8911,44.0,68.07,4820.0
F01516,cocoa beans,450.7,25.2605,10.0,63.15,3850.0
F01517,cereals primary,4448.2,28.947,10.0,63.71,3650.0
F01518,other stimulant spice and aromatic crops n e c,963.6,18.6612,22.0,42.68,6000.0
F01519,groundnuts excluding shelled,2749.6,30.3932,32.0,23.65,3870.0
F01520,natural rubber in primary forms,747.6,25.7949,2.0,26.66,6700.0
F01521,cauliflower,402.9,22.1345,10.0,57.41,2900.0
F01522,peaches and nectarines,20203.1,19.4462,14.0,54.28,21000.0
F01523,papayas,98771.8,32.3194,22.0,35.04,2525.0
F01524,artichokes,6199.7,27.6298,26.0,57.62,4021.0
F01525,bambara beans dry,596.6,34.3892,52.0,46.11,4400.0
F01526,cinnamon and cinnamon tree flowers raw,1588.3,25.2354,30.0,50.02,2940.0
F01527,lemons and limes,11092.7,17.1661,2.0,65.58,4700.0
F01528,ginger raw,10786.0,26.5603,56.0,23.04,2170.0
F01529,coffee,274.0,26.7172,66.0,43.74,2325.0
F01530,chickpea,3165.6,20.8882,50.0,17.69,5450.0
F01531,other pome fruits,9933.5,23.9708,50.0,54.59,2800.0
F01532,rye,2197.4,30.1187,33.0,26.65,1240.0
F01533,fonio,789.6,17.3084,10.0,59.59,2260.0
F01534,barley,4402.8,21.4218,7.0,46.6,4250.0
F01535,lentil,29.0,28.0485,5.0,40.52,5901.0
F01536,kapok fruit,1619.0,34.8981,5.0,27.04,5575.0
F01537,other nuts in shell n e c,747.8,24.9264,9.0,51.45,2750.0
F01538,eggs from other birds in shell fresh n e c,247.0,26.2724,5.0,24.13,2150.0
F01539,mothbeans,3309.1,28.568,11.0,50.67,2610.0
F01540,oilcrops oil equivalent,2662.5,19.6374,8.0,32.76,2180.0
F01541,other oil seeds n e c,945.9,27.9963,15.0,28.31,2285.0
F01542,coconuts in shell,8818.0,25.299,3.0,30.88,3940.0
F01543,avocados,4200.0,18.3589,4.0,61.33,3780.0
F01544,kapok fruit,1619.0,29.5505,7.0,13.1,5690.0
F01545,mangoes guavas and mangosteens,7122.2,35.5385,16.0,11.44,2314.0
F01546,true hemp raw or retted,1000.0,24.0668,5.0,60.34,4530.0
F01547,papaya,50801.0,43.6755,82.0,29.57,3985.0
F01548,sugar crops primary,72781.7,28.0538,11.0,48.25,6300.0
F01549,almonds in shell,3682.5,27.1103,26.0,53.62,1985.0
F01550,mothbeans,2250.9,28.7783,2.0,60.91,4480.0
F01551,jowar,1224.7,27.0121,2.0,42.09,3600.0
F01552,leeks and other alliaceous vegetables,3889.8,23.8534,9.0,61.67,3350.0
F01553,mangoes guavas and mangosteens,9102.0,30.3932,5.0,16.49,2520.0
F01554,oilcrops oil equivalent,459.7,19.5431,11.0,12.12,2290.0
F01555,other nuts in shell n e c,3409.3,28.568,24.0,30.87,5610.0
F01556,eggplants,4018.8,28.0866,7.0,28.11,8000.0
F01557,eggs from other birds in shell fresh n e c,20000.0,27.6496,2.0,61.03,4045.0
F01558,chilli,61333.3,23.9865,15.0,21.73,2620.0
F01559,chillies and peppers green,24611.7,18.8796,98.0,39.49,6190.0
F01560,eggplants,74396.9,25.4047,4.0,19.81,8380.0
F01561,buckwheat,1038.5,18.7836,2.0,61.71,6940.0
F01562,chilli,21.0,25.2827,36.0,28.2,2815.0
F01563,mango,18352.8,34.5856,3.0,52.84,8000.0
F01564,raw milk of goats,482.0,17.9165,4.0,14.98,8180.0
F01565,agave fibres raw n e c,942.3,22.6424,4.0,36.77,1200.0
F01566,cashewapple,2402.9,34.7609,4.0,59.43,4000.0
F01567,mat leaves,4200.0,19.4075,2.0,67.0,27000.0
F01568,mangoes guavas and mangosteens,2011.0,25.429,36.0,63.6,2260.0
F01569,raw hides and skins of goats or kids,26.0,36.3227,10.0,32.84,6150.0
F01570,dates,5422.6,27.92,3.0,10.44,5985.0
F01571,mungbean,1755.2,27.1103,16.0,29.86,6740.0
F01572,milk total,4054.0,28.0094,2.0,51.49,4310.0
F01573,blueberries,9633.3,18.2541,16.0,33.55,6005.0
F01574,melonseed,1727.9,43.6755,2.0,60.06,5600.0
F01575,cherries,1700.0,25.338,28.0,52.4,2021.0
F01576,string beans,6787.4,25.1119,11.0,68.14,9480.0
F01577,rice,5036.4,21.4465,3.0,23.97,3805.0
F01578,sugar crops primary,60625.9,28.2237,11.0,60.37,8530.0
F01579,raw milk of buffalo,18212.0,29.1798,5.0,66.75,1700.0
F01580,lettuce and chicory,13560.7,29.6723,2.0,27.45,5801.0
F01581,groundnuts excluding shelled,2899.1,22.9546,7.0,10.62,3850.0
F01582,coconuts in shell,13012.8,23.8083,2.0,53.82,3856.0
F01583,cereals primary,3166.6,26.8305,54.0,24.84,5946.0
F01584,groundnuts excluding shelled,1248.3,26.5217,2.0,32.38,3300.0
F01585,other stone fruits,4981.3,12.2282,3.0,64.72,2500.0
F01586,flax raw or retted,400.0,22.0846,4.0,52.87,7170.0
F01587,broad beans and horse beans green,6620.5,33.3302,10.0,55.63,2415.0
F01588,other vegetables fresh n e c,5933.2,25.0728,2.0,54.16,7250.0
F01589,arhar,1342.0,22.3438,4.0,19.04,5351.0
F01590,garlic,265.6,26.1144,28.0,22.26,12950.0
F01591,eggs from other birds in shell fresh n e c,167.0,19.9599,11.0,16.43,2500.0
F01592,pomelos and grapefruits,7294.3,21.5934,6.0,22.23,4100.0
F01593,banana,32375.4,28.0817,13.0,38.92,3700.0
F01594,gur,877.5,24.3094,23.0,61.34,3480.0
F01595,fonio,554.3,21.7979,11.0,17.38,4465.0
F01596,groundnuts excluding shelled,1000.0,21.6602,27.0,25.75,3035.0
F01597,sisal raw,761.7,27.0537,32.0,17.61,1500.0
F01598,sour cherries,0.0,40.0044,11.0,35.22,5720.0
F01599,other berries and fruits of the genus vaccinium n e c,11041.4,19.4534,2.0,54.64,2566.0
F01600,kidneybeans,7957.7,17.4819,2.0,38.74,1660.0
F01601,fibre crops fibre equivalent,896.7,27.0767,44.0,62.21,4702.0
F01602,string beans,12167.5,24.3353,36.0,52.91,2279.0
F01603,citrus fruit total,39584.0,26.2234,2.0,25.84,3200.0
F01604,mothbeans,12151.9,28.1991,14.0,10.29,6500.0
F01605,locust beans,7614.7,24.8385,6.0,42.09,10110.0
F01606,agave fibres raw n e c,440.8,34.3892,5.0,45.45,4327.0
F01607,groundnuts excluding shelled,1379.5,29.0842,2.0,35.28,1300.0
F01608,hazelnuts in shell,930.9,24.603,14.0,40.53,4076.0
F01609,sunflower seed,1756.4,31.8013,40.0,17.5,4200.0
F01610,peas dry,932.3,13.2084,2.0,17.8,2200.0
F01611,cucumbers and gherkins,10464.8,29.5781,2.0,40.18,2450.0
F01612,natural rubber in primary forms,228.9,24.3127,30.0,66.95,2310.0
F01613,other fruits n e c,431.6,27.339,2.0,52.58,5490.0
F01614,blackgram,3720.0,30.9122,50.0,29.22,3105.0
F01615,mungbean,2591.9,27.6089,8.0,13.33,2875.0
F01616,currants,4719.3,17.3408,10.0,19.17,7700.0
F01617,poppy seed,421.0,15.4355,5.0,35.52,5861.0
F01618,castor oil seeds,1000.0,25.6896,2.0,24.84,4215.0
F01619,coffee green,331.1,36.7313,6.0,43.83,3056.0
F01620,fibre crops fibre equivalent,819.3,27.3506,16.0,16.68,4000.0
F01621,plantains and cooking bananas,7026.2,29.0991,12.0,28.68,2260.0
F01622,mat leaves,6266.0,24.6949,12.0,63.28,1720.0
F01623,fruit primary,15619.3,15.3247,26.0,24.14,4415.0
F01624,locust beans,898.6,25.721,6.0,52.94,5685.0
F01625,avocados,4225.9,17.1701,12.0,24.5,1860.0
F01626,other pome fruits,18802.8,24.0183,50.0,49.67,5565.0
F01627,green garlic,19154.5,23.8083,48.0,56.48,1075.0
F01628,citrus fruit total,20318.5,21.8062,5.0,56.94,6175.0
F01629,linseed,1071.1,23.0204,44.0,53.08,2110.0
F01630,cantaloupes and other melons,28106.4,29.3679,5.0,20.6,4315.0
F01631,other beans green,4761.9,19.9526,30.0,54.48,18800.0
F01632,fruit primary,34849.6,22.6061,8.0,52.61,5555.0
F01633,pyrethrum dried flowers,258.8,26.5836,28.0,38.56,1450.0
F01634,lettuce and chicory,7350.6,26.1144,2.0,41.79,6780.0
F01635,quinoa,1345.1,17.6841,27.0,67.57,6421.0
F01636,quinoa,327.7,22.0391,32.0,44.04,4500.0
F01637,cotton,10862.8,24.1439,3.0,15.47,6855.0
F01638,chillies and peppers green,9040.0,24.1086,12.0,21.33,5900.0
F01639,raw hides and skins of buffaloes,378.0,23.626,54.0,56.2,2499.0
F01640,taro,8604.5,25.099,5.0,59.04,2510.0
F01641,green garlic,26418.5,28.6141,10.0,31.12,1600.0
F01642,cranberries,4542.4,19.7314,27.0,42.83,7500.0
F01643,millet,2000.0,20.1264,4.0,22.09,1900.0
F01644,apple,17142.9,23.7106,32.0,15.07,6580.0
F01645,other stimulant spice and aromatic crops n e c,117.1,26.7949,36.0,22.98,610.0
F01646,avocados,9372.9,24.9103,7.0,34.84,5850.0
F01647,currants,3840.0,27.3353,14.0,17.64,2475.0
F01648,jute,18230.3,25.1384,54.0,35.24,4380.0
F01649,cocoa beans,2852.7,21.0243,8.0,52.66,21753.0
F01650,lupins,1000.0,20.0454,21.0,29.62,4995.0
F01651,almonds in shell,2062.4,28.1746,120.0,27.46,7550.0
F01652,cotton,48133.6,24.5845,11.0,64.6,7200.0
F01653,carrots and turnips,28375.8,29.9884,48.0,30.93,3880.0
F01654,rye,1203.4,34.9067,21.0,69.79,10640.0
F01655,other fruits n e c,26353.1,33.5088,13.0,15.05,2636.0
F01656,plantains and cooking bananas,16662.8,30.5814,14.0,41.11,4005.0
F01657,rye,1097.7,23.6,16.0,68.32,5900.0
F01658,lemons and limes,42115.7,29.2873,9.0,69.24,1380.0
F01659,banana,33008.9,26.4231,4.0,41.78,2100.0
F01660,lettuce and chicory,15185.9,19.6671,3.0,10.41,5750.0
F01661,flax raw or retted,2000.0,28.262,9.0,52.56,2766.0
F01662,carrots and turnips,54943.2,24.8395,4.0,18.8,800.0
F01663,locust beans,2067.4,18.4789,11.0,20.42,4296.0
F01664,triticale,5560.0,27.9624,3.0,65.35,1450.0
F01665,brinjal,8618.4,35.9605,16.0,68.63,2100.0
F01666,sour cherries,3394.7,28.2797,20.0,15.68,1440.0
F01667,sesame seed,449.4,29.9145,2.0,18.71,2390.0
F01668,bajra,1092.0,18.5414,11.0,54.5,2251.0
F01669,soybean,3331.3,27.3137,8.0,39.18,4200.0
F01670,taro,12880.0,28.8808,10.0,38.57,2730.0
F01671,mangoes guavas and mangosteens,11617.4,19.4865,18.0,42.71,5500.0
F01672,green gram,11982.3,25.7872,21.0,34.0,6725.0
F01673,green gram,12727.5,27.1995,3.0,25.03,7050.0
F01674,spinach,7333.3,28.0485,54.0,67.65,4600.0
F01675,flax raw or retted,742.2,31.7045,13.0,21.25,3975.0
F01676,other sugar crops n e c,14165.1,25.629,14.0,34.77,4288.0
F01677,pineapples,39188.6,18.8885,16.0,35.6,4500.0
F01678,cashewapple,4405.4,15.5383,11.0,69.99,1700.0
F01679,linseed,925.0,28.2278,23.0,11.31,7700.0
F01680,barley,513.4,22.1446,7.0,49.6,6750.0
F01681,okra,26412.8,28.4206,2.0,13.37,2281.0
F01682,oilcrops cake equivalent,627.7,23.4838,62.0,10.87,2246.0
F01683,mustard seed,1116.3,30.9061,48.0,18.25,4100.0
F01684,spinach,28184.5,18.5919,11.0,47.9,6750.0
F01685,chillies and peppers dry raw,978.9,29.0727,2.0,54.87,6100.0
F01686,linseed,1750.0,25.719,9.0,35.34,2535.0
F01687,raspberries,10419.8,27.0906,28.0,25.32,8360.0
F01688,linseed,1921.6,27.6675,30.0,18.16,7500.0
F01689,jute,3309.6,25.7267,2.0,22.28,6675.0
F01690,vegetables primary,22263.8,24.3094,4.0,55.93,3420.0
F01691,raw hides and skins of sheep or lambs,0.0,29.8789,3.0,43.69,5500.0
F01692,poppy seed,7054.8,23.5588,14.0,43.65,3753.0
F01693,eggs from other birds in shell fresh n e c,4053.0,24.8874,44.0,19.93,3871.0
F01694,broad beans and horse beans dry,2931.8,21.0243,6.0,61.37,1284.0
F01695,soya beans,1840.0,23.8044,82.0,47.37,2010.0
F01696,pomelos and grapefruits,3426.5,34.8923,8.0,41.72,16500.0
F01697,mothbeans,3045.0,24.1709,16.0,25.57,6355.0
F01698,tallowtree seeds,2470.4,28.4381,5.0,57.24,1380.0
F01699,soybean,38.0,17.6656,50.0,11.64,4276.0
F01700,other nuts in shell n e c,2601.1,25.8548,24.0,25.13,6081.0
F01701,kiwi fruit,5461.5,21.127,120.0,52.0,1055.0
F01702,fonio,742.9,20.2816,82.0,50.94,24355.0
F01703,vetches,223.6,23.3384,21.0,22.58,5280.0
F01704,other stimulant spice and aromatic crops n e c,2878.3,25.2827,22.0,49.89,5995.0
F01705,quinoa,676.8,23.4437,32.0,51.96,4746.0
F01706,chicory roots,5022.3,28.9636,13.0,53.9,2420.0
F01707,lettuce and chicory,26665.4,20.1257,2.0,18.84,6150.0
F01708,walnuts in shell,388.8,25.5476,56.0,56.23,7400.0
F01709,jute raw or retted,2562.9,28.6971,16.0,55.0,3400.0
F01710,raw milk of cattle,26808.0,27.2278,4.0,15.05,2560.0
F01711,vegetables primary,5470.9,25.5425,10.0,24.9,5700.0
F01712,carrot,827.9,31.8786,11.0,30.1,900.0
F01713,raw hides and skins of sheep or lambs,12.0,24.4847,38.0,40.44,980.0
F01714,other oil seeds n e c,737.8,26.446,54.0,44.22,1845.0
F01715,jojoba seeds,470.8,27.0227,9.0,53.75,350.0
F01716,soybean,51123.2,19.6783,21.0,13.99,4145.0
F01717,mothbeans,16129.9,29.3769,7.0,63.2,2518.0
F01718,chicory roots,30013.4,26.2964,2.0,56.97,29800.0
F01719,cabbage,1052.4,24.3712,62.0,17.7,2300.0
F01720,mango,619.7,31.2718,11.0,64.37,7168.0
F01721,coconut,6915.3,28.9855,5.0,60.13,4250.0
F01722,rape or colza seed,2043.8,26.8437,2.0,69.0,18000.0
F01723,raw hides and skins of goats or kids,22.0,24.7189,2.0,14.48,5701.0
F01724,kiwi fruit,17782.2,20.2671,4.0,11.54,7500.0
F01725,eggs from other birds in shell fresh n e c,6033.0,29.2491,2.0,49.24,4920.0
F01726,vegetables primary,12163.5,18.099,11.0,48.99,1925.0
F01727,ginger,3434.0,27.6817,40.0,59.01,4880.0
F01728,avocados,5167.1,22.3555,5.0,28.12,5390.0
F01729,cloves raw,360.3,27.8403,38.0,10.15,6900.0
F01730,onions and shallots dry,2717.8,26.8249,104.0,62.05,2315.0
F01731,onions and shallots green,2139.1,20.4352,2.0,49.03,17000.0
F01732,bajra,1262.4,23.8059,26.0,54.31,2500.0
F01733,other fibre crops raw n e c,1228.9,24.859,2.0,56.6,3875.0
F01734,cinnamon and cinnamon tree flowers raw,636.3,19.5431,38.0,40.18,8230.0
F01735,almonds in shell,632.8,31.2124,2.0,24.46,6300.0
F01736,rice,3787.7,21.1435,2.0,66.69,4000.0
F01737,walnuts in shell,1266.8,20.8927,42.0,58.75,1900.0
F01738,melonseed,621.0,26.6507,80.0,18.54,3855.0
F01739,oilcrops cake equivalent,543.8,26.3503,2.0,48.97,1665.0
F01740,other fruits n e c,924.2,33.8002,2.0,49.73,4221.0
F01741,other pome fruits,18802.8,29.1097,10.0,51.7,2180.0
F01742,lemons and limes,5636.1,25.702,44.0,22.11,3896.0
F01743,pepper raw,760.1,25.567,7.0,40.87,1150.0
F01744,onions and shallots green,11002.7,34.1772,4.0,68.61,2380.0
F01745,vetches,3699.2,17.8481,2.0,13.92,4260.0
F01746,other nuts in shell n e c,3000.0,24.6885,13.0,55.26,5175.0
F01747,lentils dry,1423.9,23.3036,2.0,13.47,7280.0
F01748,coconuts in shell,3931.3,23.079,5.0,55.26,2270.0
F01749,apple,11448.9,23.2523,2.0,35.01,7825.0
F01750,mustard seed,687.2,18.5069,18.0,22.53,1500.0
F01751,bajra,5315.5,22.0009,11.0,47.31,2400.0
F01752,broad beans and horse beans green,10118.3,22.5005,9.0,31.46,7440.0
F01753,lentil,617.8,24.8492,10.0,14.07,6141.0
F01754,wheat,2139.6,27.9206,2.0,42.69,2441.0
F01755,oil palm fruit,13113.4,21.4245,9.0,20.96,17500.0
F01756,cereals n e c,2048.5,25.1384,4.0,34.41,2050.0
F01757,mat leaves,5465.1,27.9311,50.0,64.37,4000.0
F01758,cereals primary,6477.4,27.0956,30.0,57.08,6530.0
F01759,strawberries,45045.1,26.5841,6.0,13.09,5700.0
F01760,onions and shallots dry,20759.2,30.3932,21.0,47.24,5000.0
F01761,raw hides and skins of cattle,191.0,23.6758,11.0,17.2,2150.0
F01762,fonio,742.9,11.8663,18.0,30.42,1450.0
F01763,onions and shallots green,2139.1,22.6424,21.0,40.33,4000.0
F01764,eggs primary,77912.0,19.9599,10.0,43.23,2350.0
F01765,cauliflower,34901.8,25.1421,6.0,66.22,1100.0
F01766,barley,3273.3,25.5179,9.0,42.67,5000.0
F01767,apricots,4784.1,21.8411,24.0,18.58,6000.0
F01768,bambara beans dry,596.6,18.4165,9.0,41.32,5380.0
F01769,fibre crops fibre equivalent,804.4,21.2594,24.0,19.45,7201.0
F01770,chickpea,695.8,17.1661,18.0,63.36,7345.0
F01771,beans dry,319.0,22.3551,11.0,39.48,5000.0
F01772,chestnuts in shell,2520.0,26.0037,52.0,54.34,2570.0
F01773,raw hides and skins of cattle,126.0,25.1242,2.0,19.11,7600.0
F01774,quinces,10544.3,25.2347,90.0,26.12,6875.0
F01775,cassava fresh,16211.1,23.7148,6.0,15.61,4187.0
F01776,raw milk of sheep,369.0,26.2724,24.0,18.01,1030.0
F01777,hop cones,1636.1,26.3663,36.0,56.97,2262.0
F01778,onions and shallots dry,17676.8,29.5304,2.0,48.06,2112.0
F01779,spinach,14198.4,27.1326,16.0,13.9,4500.0
F01780,lemons and limes,2024.6,27.9839,5.0,53.37,2090.0
F01781,cereals primary,1886.8,18.3136,34.0,59.18,8000.0
F01782,raw milk of buffalo,18212.0,25.8169,2.0,63.81,4220.0
F01783,jute raw or retted,4544.6,17.485,28.0,58.27,6350.0
F01784,currants,660.2,28.8958,44.0,36.93,6000.0
F01785,taro,7900.1,32.8214,3.0,11.4,4360.0
F01786,quinoa,1345.1,25.488,7.0,50.45,4011.0
F01787,true hemp raw or retted,700.7,19.3479,26.0,38.37,2495.0
F01788,other citrus fruit n e c,21298.2,23.6563,4.0,56.5,3520.0
F01789,eggs primary,113594.0,21.6602,2.0,18.49,2295.0
F01790,cocoa beans,371.0,34.0362,7.0,61.64,2572.0
F01791,raw hides and skins of sheep or lambs,30.0,28.1279,20.0,18.59,3500.0
F01792,lemons and limes,17162.9,19.6221,12.0,40.0,5700.0
F01793,raw hides and skins of buffaloes,332.0,43.0802,19.0,27.57,4652.0
F01794,raw milk of cattle,3480.0,26.3338,6.0,57.77,12500.0
F01795,plums and sloes,7360.0,29.9808,6.0,18.36,3930.0
F01796,apple,25566.3,22.1345,26.0,58.26,10680.0
F01797,pulses total,2009.4,13.7032,66.0,61.43,1500.0
F01798,linseed,498.1,23.5265,11.0,29.5,5515.0
F01799,soybean,12006.5,30.641,5.0,23.29,4350.0
F01800,almonds in shell,175.0,21.1401,23.0,36.11,2600.0
F01801,anise badian coriander cumin caraway fennel and juniper berries raw,560.0,25.3579,11.0,18.42,2080.0
F01802,castor oil seeds,4079.9,24.5361,16.0,45.53,2135.0
F01803,beans dry,319.0,22.1397,3.0,16.94,2640.0
F01804,watermelon,59246.7,26.9044,14.0,63.58,3750.0
F01805,cassava leaves,10000.0,43.0802,13.0,40.04,7451.0
F01806,kapok fruit,1619.0,21.3638,2.0,55.19,760.0
F01807,kenaf and other textile bast fibres raw or retted,2659.9,31.2119,98.0,62.65,2850.0
F01808,raspberries,167.5,24.8743,3.0,47.03,2530.0
F01809,jute raw or retted,1048.7,26.1396,40.0,60.76,2420.0
F01810,kidneybeans,16096.7,19.727,40.0,66.66,23500.0
F01811,pistachios in shell,376.8,23.82,36.0,50.21,2690.0
F01812,poppy seed,655.0,14.78,2.0,17.73,5390.0
F01813,green garlic,7730.1,24.2911,28.0,20.69,2505.0
F01814,apricots,4172.0,26.1699,26.0,35.12,1230.0
F01815,hen eggs in shell fresh,79566.0,26.4402,24.0,45.68,1585.0
F01816,maize,6497.8,20.38,132.0,27.89,2425.0
F01817,poppy seed,1083.1,24.8968,14.0,28.37,7600.0
F01818,cereals primary,2295.4,23.6668,82.0,43.3,2560.0
F01819,apricots,8269.1,19.4408,28.0,19.46,5266.0
F01820,other sugar crops n e c,13099.4,24.3094,24.0,56.43,2535.0
F01821,flax raw or retted,0.0,24.3974,2.0,40.1,3335.0
F01822,coffee,398.4,24.8385,3.0,59.07,7095.0
F01823,pigeon peas dry,843.5,20.2694,4.0,41.16,13000.0
F01824,pigeonpeas,7986.9,31.2402,9.0,53.47,10820.0
F01825,tomatoes,284750.0,22.5378,2.0,58.55,4625.0
F01826,cocoa beans,717.4,27.7333,22.0,23.7,1865.0
F01827,oats,1012.7,18.4789,14.0,41.35,2200.0
F01828,roots and tubers total,32376.2,20.5172,16.0,12.14,2305.0
F01829,pigeonpeas,3701.1,25.7468,12.0,67.44,5991.0
F01830,locust beans,2000.0,29.3636,6.0,64.77,2900.0
F01831,kenaf and other textile bast fibres raw or retted,2800.0,18.8775,2.0,53.3,6250.0
F01832,blueberries,9633.3,29.1959,22.0,26.22,20450.0
F01833,sugar crops primary,32058.8,25.1575,9.0,69.79,2651.0
F01834,onions and shallots green,22101.1,28.0494,12.0,24.63,6180.0
F01835,cherries,17034.7,27.8242,2.0,40.84,2250.0
F01836,pumpkins squash and gourds,17771.0,27.7632,9.0,60.53,1325.0
F01837,kiwi fruit,11884.0,29.1071,2.0,63.5,1400.0
F01838,tung nuts,655.9,26.2081,144.0,68.78,4600.0
F01839,currants,6206.1,23.6668,14.0,20.31,7500.0
F01840,pigeonpeas,7349.4,19.9599,2.0,45.12,4100.0
F01841,raw hides and skins of cattle,200.0,43.0802,7.0,14.22,7025.0
F01842,eggs from other birds in shell fresh n e c,541.0,25.0351,2.0,43.05,1900.0
F01843,coconuts in shell,2791.7,25.1171,24.0,39.22,1800.0
F01844,pomegranate,109.0,19.4462,7.0,50.45,7475.0
F01845,mungbean,11448.6,27.5363,7.0,48.78,7331.0
F01846,pistachios in shell,812.0,26.672,4.0,22.62,2461.0
F01847,kiwi fruit,44668.1,29.7918,2.0,38.53,6280.0
F01848,peaches and nectarines,15517.8,25.7218,24.0,24.96,1870.0
F01849,banana,7627.1,29.0731,40.0,29.29,2800.0
F01850,other pome fruits,4143.1,25.3712,14.0,20.08,1380.0
F01851,kiwi fruit,5000.0,23.8927,6.0,26.77,450.0
F01852,jowar,5707.2,22.6424,6.0,43.71,2315.0
F01853,jojoba seeds,470.8,17.3084,9.0,32.47,4200.0
F01854,peaches and nectarines,15017.7,27.8964,21.0,17.55,3700.0
F01855,other nuts in shell n e c,2824.5,29.0991,8.0,53.16,6975.0
F01856,eggs from other birds in shell fresh n e c,91.0,26.7953,24.0,38.74,2370.0
F01857,eggs from other birds in shell fresh n e c,20000.0,26.9164,10.0,55.38,2125.0
F01858,chickpea,41921.0,17.1701,2.0,33.6,3865.0
F01859,oil palm fruit,11590.8,30.335,2.0,60.04,2450.0
F01860,oats,2371.5,28.706,16.0,43.09,2695.0
F01861,pistachios in shell,288.3,34.3733,104.0,21.25,2950.0
F01862,eggplants,32157.4,28.9327,2.0,26.39,4275.0
F01863,coconuts in shell,5977.1,18.2978,6.0,44.29,5400.0
F01864,rice,8073.8,22.7088,23.0,53.13,6241.0
F01865,quinoa,327.7,25.719,27.0,54.22,4068.0
F01866,ramie raw or retted,2170.7,19.0781,24.0,27.14,2485.0
F01867,raw milk of sheep,486.0,24.6368,24.0,65.42,4010.0
F01868,coconut,712.9,25.0087,3.0,27.84,6475.0
F01869,raw milk of buffalo,6188.0,19.1207,2.0,39.37,2100.0
F01870,pineapples,16978.1,33.2345,30.0,11.42,2650.0
F01871,blackgram,666.7,28.0364,3.0,29.44,4010.0
F01872,yams,8528.3,24.2249,12.0,47.74,4865.0
F01873,abaca manila hemp raw,463.9,27.0828,24.0,55.49,3780.0
F01874,cherries,27279.1,27.4591,12.0,50.77,2800.0
F01875,ginger,10894.0,25.7131,144.0,23.4,6010.0
F01876,blueberries,3961.6,20.2802,10.0,61.13,1665.0
F01877,cotton,2230.8,25.5436,54.0,21.14,7130.0
F01878,carrots and turnips,33588.7,17.085,4.0,66.54,4300.0
F01879,raspberries,3605.1,19.3011,5.0,60.7,2000.0
F01880,tangerines mandarins clementines,29370.0,18.7393,21.0,16.48,2230.0
F01881,hempseed,652.3,22.3187,4.0,40.76,2272.0
F01882,soybean,2081.0,22.9536,6.0,28.08,4290.0
F01883,lettuce and chicory,18334.6,20.6116,44.0,32.61,2213.0
F01884,taro,9659.2,27.6528,18.0,13.05,5805.0
F01885,kidneybeans,2735.2,22.9867,26.0,16.34,5250.0
F01886,millet,664.9,19.4462,7.0,15.41,4240.0
F01887,mat leaves,6266.0,25.5954,30.0,18.74,4200.0
F01888,chillies and peppers green,95333.3,33.4127,13.0,14.76,6555.0
F01889,jojoba seeds,470.8,31.7018,12.0,27.33,2800.0
F01890,seed cotton unginned,875.0,24.2947,26.0,53.91,2190.0
F01891,oilcrops oil equivalent,1374.1,28.8786,24.0,26.35,3150.0
F01892,other nuts in shell n e c,190.5,25.8548,2.0,66.81,7065.0
F01893,artichokes,38801.5,20.566,2.0,65.04,4620.0
F01894,eggplants,29421.3,30.574,18.0,45.53,6723.0
F01895,peas green,5431.4,25.2827,5.0,56.96,5000.0
F01896,pineapples,26217.1,26.4192,5.0,28.75,680.0
F01897,kiwi fruit,18203.9,26.5677,21.0,52.94,1680.0
F01898,coconut,761.0,25.0351,38.0,13.71,2875.0
F01899,mat leaves,5465.1,38.5895,16.0,25.51,2150.0
F01900,garlic,7592.0,18.8749,2.0,62.37,3000.0
F01901,nutmeg mace cardamoms raw,486.5,29.9145,16.0,62.81,1550.0
F01902,other fruits n e c,16313.7,26.3391,14.0,51.32,3985.0
F01903,nutmeg mace cardamoms raw,505.7,28.3472,16.0,68.0,1560.0
F01904,lentil,2621.1,27.5219,9.0,49.21,5791.0
F01905,hen eggs in shell fresh,37790.0,27.8101,2.0,10.56,2840.0
F01906,hen eggs in shell fresh,23000.0,27.3222,4.0,24.39,2875.0
F01907,citrus fruit total,14834.1,23.1931,24.0,68.45,1260.0
F01908,edible roots and tubers with high starch or inulin content n e c fresh,4013.7,19.6914,14.0,64.92,4500.0
F01909,bajra,2080.1,22.0461,11.0,46.65,2410.0
F01910,tangerines mandarins clementines,11381.5,25.2041,50.0,26.58,2434.0
F01911,mixed grain,2785.7,30.4918,14.0,54.47,3800.0
F01912,locust beans,2067.4,24.6774,2.0,36.9,4000.0
F01913,tallowtree seeds,2470.4,23.0088,26.0,28.67,2215.0
F01914,cotton,3023.9,22.6061,7.0,42.82,7150.0
F01915,millet,3000.0,21.7979,15.0,21.14,7675.0
F01916,asparagus,6088.2,32.5772,23.0,27.78,6609.0
F01917,taro,9972.2,28.078,2.0,23.64,5811.0
F01918,almonds in shell,740.4,25.3606,9.0,29.89,5728.0
F01919,cabbage,3590.0,26.5841,16.0,23.21,815.0
F01920,coconuts in shell,5393.5,24.3018,46.0,62.06,4375.0
F01921,plantains and cooking bananas,7095.3,27.8732,9.0,31.9,5610.0
F01922,kiwi fruit,13793.2,28.5905,2.0,59.1,4725.0
F01923,lettuce and chicory,265.6,43.302,22.0,30.37,6550.0
F01924,cow peas dry,2548.7,19.2009,26.0,42.3,7100.0
F01925,sugar cane,72781.7,25.7304,9.0,40.64,3900.0
F01926,pears,5152.7,23.7655,5.0,62.15,4450.0
F01927,blackgram,188531.0,29.5895,90.0,55.26,3865.0
F01928,bajra,4797.8,28.1746,2.0,45.63,2225.0
F01929,cinnamon and cinnamon tree flowers raw,1760.4,39.7315,12.0,27.51,7210.0
F01930,avocados,4617.4,20.4666,18.0,60.97,5399.0
F01931,bambara beans dry,816.2,28.4958,15.0,17.87,4193.0
F01932,papayas,7656.8,26.5435,24.0,58.17,5430.0
F01933,bhindi,922.4,23.8916,22.0,12.09,2401.0
F01934,pears,7921.7,26.723,9.0,35.04,2430.0
F01935,raw hides and skins of buffaloes,433.0,20.5591,2.0,36.33,9961.0
F01936,lentil,16227.1,28.3189,40.0,47.92,6050.0
F01937,lentils dry,508.2,26.723,30.0,64.09,6801.0
F01938,sour cherries,6437.2,24.2547,40.0,27.91,2200.0
F01939,pistachios in shell,1757.3,25.2801,4.0,39.51,4150.0
F01940,hempseed,873.5,24.6509,44.0,59.99,2600.0
F01941,soybean,9102.0,13.3605,22.0,62.15,4005.0
F01942,figs,2967.3,23.979,56.0,24.67,4300.0
F01943,jojoba seeds,470.8,29.0126,10.0,62.2,5520.0
F01944,currants,4587.2,19.8494,9.0,16.35,2540.0
F01945,cashew nuts in shell,1135.2,28.5615,8.0,55.89,1725.0
F01946,lupins,1116.6,16.2447,2.0,33.21,12230.0
F01947,mixed grain,700.0,26.1396,8.0,12.6,6460.0
F01948,artichokes,11355.6,25.3677,27.0,58.12,8440.0
F01949,cereals primary,3694.7,17.0007,3.0,63.57,2363.0
F01950,coffee green,732.2,24.9236,32.0,38.02,2975.0
F01951,oats,4275.5,38.7322,7.0,11.15,7500.0
F01952,green gram,1889.3,19.6347,90.0,67.27,6005.0
F01953,blueberries,6158.0,28.4206,2.0,17.1,4250.0
F01954,raw milk of cattle,2191.0,22.6424,26.0,63.15,2010.0
F01955,seed cotton unginned,1287.8,15.8339,2.0,51.37,7650.0
F01956,green garlic,6799.5,25.0475,8.0,16.37,5600.0
F01957,chestnuts in shell,2390.5,23.6433,4.0,26.47,2715.0
F01958,green corn,22118.3,28.4343,104.0,51.8,2825.0
F01959,jojoba seeds,470.8,25.7553,13.0,58.65,1900.0
F01960,soya beans,1666.7,23.7939,7.0,29.33,5875.0
F01961,carrot,9202.8,19.3643,14.0,54.39,1675.0
F01962,mango,649.3,29.3847,24.0,11.17,3000.0
F01963,raspberries,14333.3,28.7765,4.0,64.86,7330.0
F01964,banana,12251.7,25.9373,3.0,36.28,3200.0
F01965,grape,7243.5,35.8931,2.0,69.17,5385.0
F01966,lupins,1847.5,37.0355,26.0,30.96,6725.0
F01967,tangerines mandarins clementines,8628.1,25.6097,4.0,54.63,8320.0
F01968,roots and tubers total,28197.2,28.273,7.0,37.47,12280.0
F01969,blackgram,34913.5,33.6686,10.0,15.95,4780.0
F01970,grape,13280.6,16.3625,11.0,18.72,7000.0
F01971,jojoba seeds,470.8,19.8617,14.0,35.91,8690.0
F01972,leeks and other alliaceous vegetables,5132.9,28.3632,12.0,32.78,2780.0
F01973,olives,3527.1,26.7953,20.0,43.34,6085.0
F01974,mustard,26478.6,29.2178,3.0,25.28,5550.0
F01975,sisal raw,744.3,18.8334,34.0,61.0,2700.0
F01976,tung nuts,2638.5,30.9122,6.0,38.25,3650.0
F01977,tomatoes,8340.0,36.9779,13.0,54.68,4125.0
F01978,jute raw or retted,2334.4,22.4515,66.0,51.51,2720.0
F01979,peaches and nectarines,8662.2,23.1945,60.0,67.33,22000.0
F01980,plums and sloes,1000.0,23.8158,30.0,32.48,6613.0
F01981,jowar,20430.6,23.4261,2.0,35.85,2260.0
F01982,peas green,2744.3,27.3116,80.0,55.36,4160.0
F01983,jowar,505.9,20.2837,3.0,35.69,3375.0
F01984,sugar beet,32334.0,26.1816,3.0,21.75,5970.0
F01985,blackgram,4460.0,25.5496,18.0,43.26,1450.0
F01986,other beans green,3689.3,27.309,12.0,61.07,4580.0
F01987,kapok fruit,3645.4,25.7218,21.0,29.69,4680.0
F01988,cranberries,18204.5,33.804,25.0,27.7,25000.0
F01989,arhar,15269.6,29.1286,12.0,32.34,7550.0
F01990,onions and shallots dry,4034.3,36.3005,26.0,33.62,7050.0
F01991,cocoa beans,426.5,23.593,36.0,12.92,5500.0
F01992,peas dry,1664.6,21.5794,7.0,48.8,18000.0
F01993,eggplants,4018.8,28.7056,2.0,28.49,3000.0
F01994,other stone fruits,5206.6,27.4861,2.0,32.71,2700.0
F01995,poppy seed,356.0,27.0147,13.0,29.57,6271.0
F01996,apple,22876.3,22.4452,7.0,25.99,12175.0
F01997,sweet potatoes,29871.8,22.4515,23.0,36.97,6040.0
F01998,pigeon peas dry,11500.0,26.3798,2.0,47.32,22000.0
F01999,hempseed,272.2,27.9311,8.0,43.27,5125.0
F02000,coffee,2543.8,26.4529,27.0,29.49,2630.0
F02001,pomelos and grapefruits,18507.8,25.5308,12.0,18.07,8155.0
F02002,sweet potatoes,7246.5,28.3119,36.0,29.62,4000.0
F02003,maize,1939.1,20.689,2.0,14.75,1985.0
F02004,raw hides and skins of cattle,292.0,24.7224,4.0,59.13,5750.0
F02005,oil palm fruit,12101.8,28.2851,2.0,68.45,3700.0
F02006,rape or colza seed,3778.8,27.4271,30.0,51.93,6840.0
F02007,sugar crops primary,83348.7,25.9924,2.0,31.09,2525.0
F02008,tallowtree seeds,2470.4,28.5417,2.0,44.64,10600.0
F02009,fruit primary,10591.2,33.3302,30.0,47.79,2180.0
F02010,sugar crops primary,57553.0,24.2513,24.0,28.76,5430.0
F02011,abaca manila hemp raw,1305.5,38.4192,16.0,61.52,4390.0
F02012,figs,1480.0,21.0194,12.0,56.75,4066.0
F02013,strawberries,49559.1,18.2023,16.0,32.13,4600.0
F02014,walnuts in shell,1418.0,28.0764,4.0,46.82,4000.0
F02015,cranberries,3088.0,24.3018,13.0,33.57,4007.0
F02016,pepper raw,1275.7,19.2009,2.0,35.27,3000.0
F02017,oil palm fruit,8925.2,28.609,7.0,24.42,5721.0
F02018,maize,10176.5,23.503,2.0,60.13,1975.0
F02019,ramie raw or retted,1794.6,27.3511,36.0,56.15,4400.0
F02020,lentil,1396.1,23.4397,7.0,54.98,5650.0
F02021,bhindi,18229.9,19.6347,2.0,36.92,3400.0
F02022,sisal raw,935.5,33.6686,4.0,13.15,5700.0
F02023,chillies and peppers dry raw,2121.5,25.1628,3.0,48.87,2900.0
F02024,lupins,1000.0,25.0475,8.0,13.27,5015.0
F02025,lentils dry,753.4,25.9338,50.0,23.92,2255.0
F02026,pomelos and grapefruits,4473.7,23.3055,24.0,24.41,1540.0
F02027,cauliflower,51944.3,26.9044,16.0,46.37,1950.0
F02028,green garlic,14421.9,28.6673,20.0,66.64,3980.0
F02029,mothbeans,48967.5,24.4788,8.0,65.96,2890.0
F02030,fibre crops fibre equivalent,1317.4,17.1701,8.0,44.46,6630.0
F02031,other stimulant spice and aromatic crops n e c,2316.2,24.7746,11.0,17.99,6490.0
F02032,cauliflower,54058.4,16.2785,30.0,49.44,3090.0
F02033,figs,13039.7,18.9216,38.0,40.4,4092.0
F02034,tangerines mandarins clementines,29635.6,34.7382,6.0,53.39,1640.0
F02035,green garlic,14916.9,29.3769,120.0,33.05,1520.0
F02036,sesame seed,518.7,18.7299,28.0,12.11,2250.0
F02037,beans dry,433.0,27.1013,2.0,29.29,4560.0
F02038,other berries and fruits of the genus vaccinium n e c,4245.4,26.986,9.0,39.2,5500.0
F02039,tangerines mandarins clementines,13430.4,25.1562,36.0,52.42,4251.0
F02040,other oil seeds n e c,877.7,20.0837,38.0,18.77,2140.0
F02041,quinces,11504.5,18.7823,90.0,25.78,4911.0
F02042,milk total,14103.0,23.884,14.0,31.09,1820.0
F02043,sour cherries,6264.7,25.7718,6.0,31.07,7500.0
F02044,green corn,15253.2,22.1266,13.0,62.12,735.0
F02045,oil palm fruit,13833.0,31.1006,8.0,54.93,1860.0
F02046,mat leaves,4200.0,35.4748,4.0,11.68,1950.0
F02047,locust beans,2067.4,26.672,10.0,42.8,5125.0
F02048,cereals n e c,881.1,29.9042,8.0,27.72,1990.0
F02049,other fruits n e c,7219.2,30.5368,4.0,22.37,2575.0
F02050,true hemp raw or retted,12600.0,27.798,24.0,57.5,6493.0
F02051,cabbage,582.2,43.302,5.0,65.04,1080.0
F02052,cloves raw,214.5,23.9091,2.0,43.86,6162.0
F02053,coconut,52929.7,27.3116,24.0,11.81,2100.0
F02054,lemons and limes,32763.5,21.127,50.0,29.49,6900.0
F02055,pomegranate,6559.0,24.9447,2.0,14.6,2550.0
F02056,walnuts in shell,1860.8,18.5251,6.0,56.38,7065.0
F02057,cashew nuts in shell,638.4,17.3408,2.0,58.42,2520.0
F02058,other stone fruits,6785.7,24.9036,21.0,19.19,4500.0
F02059,other pome fruits,5000.0,28.9295,11.0,13.81,8720.0
F02060,pears,6001.5,28.2348,33.0,32.26,4914.0
F02061,edible roots and tubers with high starch or inulin content n e c fresh,24672.5,25.1789,68.0,45.33,4915.0
F02062,roots and tubers total,15377.8,22.4205,20.0,32.25,2527.0
F02063,kenaf and other textile bast fibres raw or retted,4111.6,17.9867,5.0,60.87,2200.0
F02064,locust beans,3184.6,28.5855,3.0,37.93,2150.0
F02065,cereals n e c,5803.3,24.2513,7.0,34.67,6205.0
F02066,fruit primary,18359.6,30.3826,8.0,47.86,1700.0
F02067,raw milk of goats,290.0,27.7736,5.0,20.71,2390.0
F02068,mat leaves,4200.0,18.5251,18.0,17.22,2591.0
F02069,eggs from other birds in shell fresh n e c,35.0,24.3075,13.0,48.87,2875.0
F02070,milk total,45933.0,19.251,2.0,56.15,7780.0
F02071,cashewapple,2587.6,25.9631,2.0,65.78,5441.0
F02072,oats,1320.7,25.058,16.0,49.5,4750.0
F02073,raw hides and skins of goats or kids,21.0,30.4201,4.0,50.98,4900.0
F02074,hazelnuts in shell,330.0,34.6388,30.0,40.83,2370.0
F02075,cinnamon and cinnamon tree flowers raw,1588.3,27.4861,24.0,11.57,1400.0
F02076,vanilla raw,46.7,15.3247,8.0,35.37,2205.0
F02077,sugar beet,88816.1,25.4079,2.0,43.32,6250.0
F02078,cocoa beans,469.5,25.8671,21.0,65.55,12650.0
F02079,hop cones,2432.2,25.2605,9.0,62.7,2175.0
F02080,artichokes,14478.4,29.4346,4.0,41.88,7750.0
F02081,eggs primary,79566.0,23.502,52.0,25.14,3200.0
F02082,cabbages,28287.4,25.0017,27.0,63.14,2150.0
F02083,dates,2304.3,21.7747,11.0,46.28,3865.0
F02084,pomegranate,3315.5,23.2024,28.0,19.93,8250.0
F02085,wheat,3743.2,22.5378,14.0,35.11,2815.0
F02086,green gram,9237.9,22.792,12.0,67.71,6805.0
F02087,apricots,11564.3,23.7106,10.0,37.26,2880.0
F02088,arhar,7068.4,21.0525,30.0,41.51,6561.0
F02089,tangerines mandarins clementines,23958.8,25.4186,28.0,57.61,2482.0
F02090,sisal raw,864.2,28.9632,6.0,11.57,3950.0
F02091,millet,717.1,26.0543,6.0,16.42,2460.0
F02092,mat leaves,6266.0,14.9785,5.0,57.44,4850.0
F02093,mustard,632.4,22.9428,2.0,12.04,6408.0
F02094,jute,16760.9,24.8544,84.0,22.96,6047.0
F02095,carrot,498.3,24.1638,36.0,37.84,900.0
F02096,gur,6663.7,20.566,4.0,42.74,4050.0
F02097,raw milk of goats,666.0,22.956,2.0,66.41,1250.0
F02098,other pulses n e c,2135.1,26.5677,6.0,27.39,4200.0
F02099,barley,1333.2,26.5233,11.0,54.31,4171.0
F02100,pumpkins squash and gourds,6797.9,26.723,24.0,49.16,3965.0
F02101,cashewapple,4405.4,23.593,98.0,18.53,4075.0
F02102,quinoa,676.8,19.4534,8.0,19.99,7025.0
F02103,chick peas dry,289.7,33.0469,24.0,45.66,4625.0
F02104,kapok fruit,1619.0,17.1661,5.0,35.99,3525.0
F02105,other fibre crops raw n e c,516.0,28.6456,23.0,14.95,5255.0
F02106,hazelnuts in shell,1804.5,19.7421,7.0,62.75,5930.0
F02107,roots and tubers total,10188.4,19.371,8.0,29.56,6690.0
F02108,raw milk of goats,183.0,40.6601,48.0,66.2,7095.0
F02109,cotton,816.0,24.6885,9.0,21.54,6900.0
F02110,pineapples,20697.0,19.1346,68.0,24.72,5415.0
F02111,tung nuts,1131.2,24.2513,26.0,23.77,2700.0
F02112,carrot,6762.8,25.6003,16.0,61.1,1000.0
F02113,green corn,2455.7,25.4493,4.0,11.81,2811.0
F02114,raw milk of camel,7648.0,18.8796,2.0,66.94,2551.0
F02115,oilcrops oil equivalent,684.0,28.6918,2.0,46.49,2070.0
F02116,other fibre crops raw n e c,5814.0,29.2354,10.0,34.31,2251.0
F02117,pomelos and grapefruits,11801.3,29.9371,4.0,60.93,7000.0
F02118,tomatoes,32560.7,24.3946,15.0,15.03,5745.0
F02119,nutmeg mace cardamoms raw,505.7,27.8449,10.0,61.41,6500.0
F02120,pomegranate,1208.5,23.2801,2.0,14.78,6200.0
F02121,other tropical fruits n e c,8090.7,25.832,9.0,10.6,2550.0
F02122,coffee green,1600.0,23.3036,14.0,51.14,5900.0
F02123,pistachios in shell,2875.9,25.1682,10.0,19.06,2300.0
F02124,fonio,789.6,27.8113,16.0,16.92,13000.0
F02125,sugar crops primary,87873.5,18.0514,14.0,60.3,3925.0
F02126,olives,4028.3,33.7463,6.0,20.72,3700.0
F02127,almonds in shell,1064.9,23.4261,21.0,18.63,12460.0
F02128,mungbean,827.2,29.2731,2.0,35.77,2700.0
F02129,triticale,3364.2,38.2017,3.0,51.98,7100.0
F02130,ramie raw or retted,3919.6,25.6217,6.0,57.07,4300.0
F02131,cauliflower,5326.2,23.6646,4.0,15.42,3000.0
F02132,coconuts in shell,4997.9,23.3704,13.0,54.27,2500.0
F02133,other fibre crops raw n e c,5105.6,23.6921,5.0,44.71,1300.0
F02134,kiwi fruit,44668.1,27.9122,68.0,59.47,2000.0
F02135,oil palm fruit,14128.5,30.5599,18.0,18.74,3821.0
F02136,sugar beet,51618.8,18.9022,22.0,52.49,5950.0
F02137,sesame seed,435.4,21.0644,24.0,47.45,2565.0
F02138,peas green,2992.4,24.9008,50.0,12.82,2425.0
F02139,citrus fruit total,30821.3,22.1694,10.0,43.46,2315.0
F02140,bhindi,24005.1,27.5214,20.0,68.54,4400.0
F02141,other berries and fruits of the genus vaccinium n e c,1000.0,27.612,6.0,41.33,5000.0
F02142,tallowtree seeds,2470.4,17.2239,14.0,10.04,2625.0
F02143,oilcrops cake equivalent,910.9,34.5193,82.0,69.27,6300.0
F02144,currants,5000.0,26.7172,16.0,17.05,2390.0
F02145,garlic,31483.1,31.7505,7.0,64.84,23000.0
F02146,chick peas dry,1435.2,25.7573,26.0,10.67,6000.0
F02147,cotton,42168.0,23.4382,32.0,28.66,7330.0
F02148,strawberries,29393.2,21.972,5.0,23.42,5950.0
F02149,anise badian coriander cumin caraway fennel and juniper berries raw,902.2,24.3353,10.0,32.45,4600.0
F02150,leeks and other alliaceous vegetables,4667.0,27.9687,4.0,47.91,4530.0
F02151,melonseed,637.5,27.6298,2.0,52.02,1490.0
F02152,pyrethrum dried flowers,514.3,22.6061,10.0,49.3,1560.0
F02153,quinoa,1345.1,23.5265,54.0,49.14,4000.0
F02154,other tropical fruits n e c,7858.9,25.1452,10.0,28.23,4200.0
F02155,blackgram,2419.3,29.4346,10.0,32.84,6105.0
F02156,soya beans,714.3,19.8494,9.0,37.89,6800.0
F02157,gur,8303.0,25.2347,7.0,16.25,4220.0
F02158,sunflower seed,1024.0,27.322,2.0,36.78,16000.0
F02159,peas green,5431.4,26.6142,26.0,20.47,2300.0
F02160,raw hides and skins of cattle,283.0,25.4006,2.0,42.51,2600.0
F02161,figs,10129.0,18.4116,3.0,38.71,6550.0
F02162,peas green,6680.0,31.7459,8.0,33.03,6450.0
F02163,cauliflower,30010.5,19.5428,2.0,22.91,1600.0
F02164,broad beans and horse beans dry,828.5,28.8773,2.0,32.25,6785.0
F02165,apricots,2958.6,18.8775,3.0,58.09,14000.0
F02166,cucumbers and gherkins,26657.9,23.3169,24.0,40.62,2750.0
F02167,pumpkins squash and gourds,10580.0,27.3358,14.0,56.26,8030.0
F02168,kiwi fruit,5461.5,26.402,2.0,50.98,2815.0
F02169,citrus fruit total,7891.2,25.078,2.0,47.2,2390.0
F02170,mothbeans,129681.0,28.7783,3.0,58.82,5512.0
F02171,green corn,349.4,28.8427,16.0,64.01,7225.0
F02172,mothbeans,10532.2,26.3105,16.0,49.97,6805.0
F02173,buckwheat,1007.5,29.6125,6.0,25.28,6891.0
F02174,other pulses n e c,1817.7,19.0794,4.0,44.4,6000.0
F02175,jojoba seeds,470.8,28.2349,9.0,63.21,1775.0
F02176,chestnuts in shell,2421.0,21.127,14.0,23.95,3000.0
F02177,lentils dry,1039.3,22.9977,132.0,49.61,2685.0
F02178,buckwheat,1045.8,19.5431,7.0,58.72,7000.0
F02179,green gram,17036.7,26.4402,11.0,54.75,7000.0
F02180,pulses total,1119.9,27.4819,2.0,51.94,660.0
F02181,strawberries,3866.3,25.331,6.0,25.74,8100.0
F02182,raw hides and skins of buffaloes,213.0,24.5344,6.0,69.4,5820.0
F02183,flax raw or retted,1971.4,28.069,68.0,36.17,4290.0
F02184,cantaloupes and other melons,15107.9,22.0391,2.0,67.19,6000.0
F02185,vanilla raw,288.3,34.7382,32.0,26.54,4301.0
F02186,chick peas dry,3301.7,28.3629,44.0,69.82,6600.0
F02187,safflower seed,1000.0,20.5172,6.0,40.84,6430.0
F02188,oats,3767.9,15.9905,16.0,45.54,6450.0
F02189,ginger,30611.4,37.4621,12.0,35.3,5915.0
F02190,sugar beet,16468.5,28.4368,36.0,46.48,4261.0
F02191,peppermint spearmint,13010.1,24.2478,34.0,27.88,4000.0
F02192,areca nuts,1686.1,22.7664,9.0,66.44,2190.0
F02193,other sugar crops n e c,13099.4,25.3659,21.0,65.49,5200.0
F02194,tomatoes,58549.7,28.5621,4.0,35.55,2320.0
F02195,chillies and peppers green,20675.4,31.3573,50.0,18.41,6431.0
F02196,mustard seed,1014.5,25.1374,2.0,21.68,2320.0
F02197,safflower seed,507.2,29.9968,26.0,42.07,4400.0
F02198,bambara beans dry,307.1,20.566,24.0,61.93,2625.0
F02199,cherries,7436.8,22.8527,54.0,54.39,5290.0
F02200,mixed grain,4068.7,29.1623,14.0,16.19,4200.0
F02201,lentils dry,1055.8,26.3663,16.0,32.92,5675.0
F02202,pepper raw,1981.2,22.207,44.0,49.21,5985.0
F02203,tomatoes,22500.0,19.6242,10.0,67.44,4040.0
F02204,peaches and nectarines,337.6,25.741,18.0,57.43,5350.0
F02205,chestnuts in shell,4519.5,30.8848,104.0,58.75,6450.0
F02206,raw hides and skins of buffaloes,332.0,27.1082,28.0,53.34,5680.0
F02207,tea leaves,1562.7,26.4529,22.0,13.4,7330.0
F02208,ginger,1070.8,24.6354,4.0,51.36,10000.0
F02209,treenuts total,654.0,26.6395,4.0,35.39,1800.0
F02210,other citrus fruit n e c,5010.2,31.494,2.0,13.96,2750.0
F02211,millet,258.6,20.7695,46.0,24.59,2505.0
F02212,okra,7224.0,23.3961,144.0,43.9,3865.0
F02213,yams,4698.9,24.4256,40.0,24.99,2150.0
F02214,chickpea,4665.6,20.1187,40.0,10.71,5250.0
F02215,oilcrops oil equivalent,1374.8,35.7878,2.0,13.44,3500.0
F02216,papaya,5508.6,29.8074,16.0,58.55,7250.0
F02217,plums and sloes,5584.4,24.7985,50.0,13.11,8200.0
F02218,tung nuts,890.7,27.999,132.0,68.93,21000.0
F02219,chick peas dry,666.7,27.3001,4.0,35.1,2165.0
F02220,milk total,7555.0,24.9726,22.0,35.47,2600.0
F02221,mangoes guavas and mangosteens,2495.9,25.4985,18.0,27.95,6560.0
F02222,other sugar crops n e c,11329.7,25.1242,48.0,49.4,6210.0
F02223,tangerines mandarins clementines,3029.3,35.3329,132.0,41.74,5951.0
F02224,pistachios in shell,376.8,34.5856,13.0,60.82,2400.0
F02225,raspberries,1991.7,23.418,2.0,65.27,850.0
F02226,edible roots and tubers with high starch or inulin content n e c fresh,24672.5,27.9963,2.0,19.94,5701.0
F02227,currants,2761.4,27.339,16.0,18.03,7100.0
F02228,bajra,14911.4,28.7765,48.0,11.79,2275.0
F02229,mango,167.0,27.7552,18.0,67.35,3180.0
F02230,cherries,3430.4,15.3141,2.0,33.12,5250.0
F02231,other oil seeds n e c,1406.6,23.4626,10.0,48.37,8035.0
F02232,kenaf and other textile bast fibres raw or retted,4111.6,31.8574,2.0,17.38,6550.0
F02233,nutmeg mace cardamoms raw,484.7,25.0351,2.0,20.31,4250.0
F02234,avocados,8081.7,25.3904,18.0,10.1,4090.0
F02235,pomegranate,1117.6,24.4881,2.0,46.65,2490.0
F02236,grape,3801.3,18.7068,30.0,44.64,6835.0
F02237,vetches,489.9,24.8824,36.0,46.71,850.0
F02238,okra,5432.3,25.0087,3.0,35.29,2200.0
F02239,cherries,4415.8,28.1884,5.0,57.97,4535.0
F02240,lupins,668.5,24.873,10.0,64.47,4055.0
F02241,bajra,6063.0,20.8248,80.0,51.59,2575.0
F02242,carrot,3560.2,17.1543,10.0,51.25,1430.0
F02243,oil palm fruit,10259.8,25.7648,46.0,12.28,2507.5
F02244,gur,1306.0,26.0714,13.0,50.85,3810.0
F02245,other fibre crops raw n e c,10766.5,17.4891,3.0,54.42,2690.0
F02246,cloves raw,360.3,30.9776,4.0,11.23,2205.0
F02247,vanilla raw,189.8,23.5265,2.0,46.1,6195.0
F02248,pumpkins squash and gourds,5208.5,22.6978,6.0,64.12,9640.0
F02249,safflower seed,751.0,26.0538,82.0,25.86,3500.0
F02250,raw hides and skins of buffaloes,493.0,28.5417,4.0,33.42,910.0
F02251,true hemp raw or retted,1000.0,22.0278,52.0,57.22,1530.0
F02252,other fibre crops raw n e c,774.6,11.8663,12.0,43.61,2215.0
F02253,gur,524.2,22.7088,13.0,67.24,4340.0
F02254,canary seed,1429.3,21.7705,4.0,56.15,3790.0
F02255,sour cherries,10507.2,25.719,12.0,24.08,5621.0
F02256,pistachios in shell,1035.2,22.1345,7.0,68.11,3400.0
F02257,gur,266.7,26.8008,18.0,17.43,3850.0
F02258,fruit primary,20316.5,24.8721,16.0,51.47,7200.0
F02259,other nuts in shell n e c,1132.7,35.4579,40.0,68.54,6550.0
F02260,avocados,26661.4,26.5272,4.0,47.15,4650.0
F02261,cauliflowers and broccoli,20767.5,20.9389,16.0,24.99,3600.0
F02262,seed cotton unginned,180.7,33.8002,6.0,23.09,6600.0
F02263,coconuts in shell,9129.4,11.8993,14.0,24.64,4050.0
F02264,cinnamon and cinnamon tree flowers raw,1522.8,25.9011,4.0,43.41,4440.0
F02265,hempseed,75.4,21.8013,2.0,57.87,8340.0
F02266,cabbage,5105.5,32.6616,40.0,53.7,1400.0
F02267,unmanufactured tobacco,1777.1,32.1775,4.0,54.26,5000.0
F02268,broad beans and horse beans dry,1452.1,23.096,54.0,30.87,6400.0
F02269,kiwi fruit,5461.5,19.2446,22.0,25.77,6900.0
F02270,cow peas dry,353.4,30.7938,9.0,51.69,6380.0
F02271,lupins,1548.4,15.7814,10.0,33.57,5750.0
F02272,abaca manila hemp raw,1166.6,27.44,14.0,63.59,5720.0
F02273,peaches and nectarines,9124.0,23.0389,5.0,30.08,820.0
F02274,other tropical fruits n e c,1249.9,20.0373,84.0,30.13,5700.0
F02275,edible roots and tubers with high starch or inulin content n e c fresh,7315.7,23.603,14.0,49.36,5200.0
F02276,coconut,52578.3,29.8691,2.0,10.24,8040.0
F02277,green garlic,19154.5,20.1302,7.0,67.63,7150.0
F02278,cassava leaves,10000.0,26.8748,14.0,14.02,2500.0
F02279,leeks and other alliaceous vegetables,25000.0,25.567,8.0,44.46,4600.0
F02280,chicory roots,17008.1,18.5069,144.0,52.37,1900.0
F02281,olives,1505.3,23.8319,9.0,59.13,3875.0
F02282,raw hides and skins of sheep or lambs,30.0,26.2603,6.0,62.71,6015.0
F02283,hen eggs in shell fresh,132.0,19.5638,54.0,23.26,900.0
F02284,coffee green,500.0,23.1945,11.0,38.21,6670.0
F02285,green corn,39680.7,26.5168,14.0,55.19,5000.0
F02286,potatoes,2109.1,14.78,2.0,26.86,10350.0
F02287,blueberries,5751.5,24.8656,98.0,16.07,4200.0
F02288,cereals n e c,1914.5,22.9143,10.0,44.49,2000.0
F02289,sugar beet,51618.8,27.2278,20.0,46.87,3700.0
F02290,cassava leaves,10000.0,27.6089,22.0,13.98,3500.0
F02291,gooseberries,6833.2,39.0407,38.0,59.31,1850.0
F02292,sugar cane,36774.6,34.8725,44.0,11.67,4450.0
F02293,muskmelon,8704.4,27.8205,3.0,14.65,5500.0
F02294,walnuts in shell,7379.7,13.7032,46.0,49.13,5866.0
F02295,sour cherries,4762.6,18.2378,12.0,42.02,1920.0
F02296,cereals n e c,819.1,27.1872,14.0,35.21,6555.0
F02297,maize,1939.1,18.0419,9.0,12.07,2200.0
F02298,chillies and peppers green,13654.9,31.3116,23.0,59.19,6000.0
F02299,other berries and fruits of the genus vaccinium n e c,7516.0,25.0116,2.0,17.48,2005.0
F02300,buckwheat,729.3,24.7063,44.0,50.88,15000.0
F02301,raw milk of camel,830.0,27.0242,2.0,57.51,5460.0
F02302,peas dry,2059.3,21.5357,2.0,24.11,3425.0
F02303,raw milk of cattle,12385.0,21.5399,9.0,16.22,6000.0
F02304,lemons and limes,18138.1,21.3185,14.0,36.27,2100.0
F02305,ginger raw,22831.2,13.4299,12.0,50.43,4450.0
F02306,canary seed,1092.6,27.8477,26.0,37.03,6930.0
F02307,cabbage,14555.7,26.2656,6.0,68.8,1450.0
F02308,onions and shallots green,26982.5,25.1452,4.0,23.07,3275.0
F02309,other nuts in shell n e c,852.0,18.0127,28.0,18.25,17600.0
F02310,barley,2785.9,24.7063,16.0,53.19,6050.0
F02311,sour cherries,2554.8,26.4643,2.0,54.08,2600.0
F02312,other stone fruits,1873.0,33.3071,2.0,51.42,5070.0
F02313,blueberries,10101.1,22.4562,28.0,59.61,5270.0
F02314,gur,44833.3,28.706,2.0,43.03,3650.0
F02315,ramie raw or retted,3919.6,25.9678,15.0,31.96,700.0
F02316,mango,1173.0,30.3372,16.0,21.87,1500.0
F02317,jute,13144.2,23.2493,8.0,60.76,6810.0
F02318,fibre crops fibre equivalent,115.4,18.5251,30.0,38.02,1850.0
F02319,orange,27885.7,12.2282,10.0,31.63,6012.0
F02320,raw milk of camel,253.0,27.1995,6.0,23.56,2290.0
F02321,eggs primary,124508.0,28.1749,12.0,50.54,4126.0
F02322,chick peas dry,1435.2,19.5922,9.0,22.24,2000.0
F02323,strawberries,2641.5,25.6555,2.0,49.82,3300.0
F02324,buckwheat,1090.9,24.1308,6.0,30.68,7004.0
F02325,arhar,2996.8,21.3509,2.0,51.26,6700.0
F02326,ramie raw or retted,941.2,18.9285,14.0,26.02,14813.0
F02327,mixed grain,1149.0,43.302,52.0,63.09,6550.0
F02328,sisal raw,779.4,11.8663,2.0,49.24,6900.0
F02329,cabbage,4054.2,27.0537,19.0,49.51,1060.0
F02330,sugar cane,55000.0,25.5476,4.0,62.52,5500.0
F02331,walnuts in shell,459.4,24.3018,13.0,68.6,4220.0
F02332,melonseed,1727.9,28.8786,27.0,41.69,5900.0
F02333,pepper raw,847.5,18.3812,8.0,40.56,1500.0
F02334,mungbean,112644.0,27.0147,23.0,60.42,2122.0
F02335,kiwi fruit,16341.6,34.9317,18.0,48.51,11145.0
F02336,yautia,11504.7,28.6673,4.0,67.78,2500.0
F02337,vetches,3331.3,23.5588,24.0,65.39,940.0
F02338,beans dry,879.8,22.1459,48.0,62.74,2725.0
F02339,cauliflowers and broccoli,16660.5,23.4468,19.0,37.82,5175.0
F02340,groundnuts excluding shelled,704.1,20.2694,28.0,57.04,2625.0
F02341,beans dry,2687.5,15.786,10.0,47.18,4350.0
F02342,maize,5548.2,20.5831,2.0,29.16,2260.0
F02343,sour cherries,240.7,21.0125,4.0,42.19,770.0
F02344,cinnamon and cinnamon tree flowers raw,1944.1,24.7742,7.0,16.11,2290.0
F02345,okra,10520.5,30.1077,18.0,59.74,5500.0
F02346,raw hides and skins of sheep or lambs,22.0,22.4458,5.0,70.0,5890.0
F02347,cow peas dry,1663.3,28.0957,2.0,25.83,5785.0
F02348,kidneybeans,25966.4,21.1401,12.0,63.9,5660.0
F02349,tallowtree seeds,2470.4,20.2671,26.0,33.46,4151.0
F02350,locust beans,10947.5,28.6918,2.0,22.83,3775.0
F02351,peas dry,1809.8,23.7509,16.0,10.9,7200.0
F02352,other beans green,7772.1,23.1681,2.0,36.13,2456.0
F02353,vegetables primary,16422.4,27.322,4.0,46.4,5675.0
F02354,cloves raw,390.1,20.241,18.0,55.32,3010.0
F02355,sour cherries,1000.0,23.0935,12.0,48.22,2475.0
F02356,oil palm fruit,12468.1,23.9644,6.0,50.86,4200.0
F02357,dates,4618.6,29.2114,50.0,57.58,2850.0
F02358,sunflower seed,2453.0,31.4345,11.0,10.54,6260.0
F02359,mustard seed,440.3,20.2732,7.0,22.03,18000.0
F02360,rice,1502.9,26.5287,32.0,66.03,4450.0
F02361,eggplants,16379.9,26.4571,50.0,31.56,18500.0
F02362,cereals n e c,867.1,28.6602,4.0,44.27,6181.0
F02363,lemons and limes,46173.6,25.64,20.0,22.6,5612.0
F02364,pulses total,1311.6,27.7708,42.0,10.22,2240.0
F02365,soya beans,4207.0,23.8976,20.0,63.84,11368.0
F02366,coffee,4314.4,25.2041,2.0,30.63,7150.0
F02367,yams,23901.1,30.3328,16.0,67.05,4200.0
F02368,cauliflowers and broccoli,41942.7,19.2598,3.0,32.09,5915.0
F02369,other pome fruits,823.5,35.7878,10.0,58.58,4313.0
F02370,cabbages,22589.3,27.6496,14.0,48.13,2025.0
F02371,artichokes,3714.3,26.5354,16.0,27.29,6642.0
F02372,fruit primary,22763.4,27.9311,68.0,30.48,3810.0
F02373,hop cones,1361.2,27.1013,4.0,41.72,6050.0
F02374,cereals primary,2020.7,25.1986,14.0,69.45,4250.0
F02375,cantaloupes and other melons,17000.0,24.9588,2.0,20.62,6510.0
F02376,other pulses n e c,578.7,28.5462,6.0,25.84,3385.0
F02377,hen eggs in shell fresh,150148.0,26.5858,2.0,43.69,6850.0
F02378,areca nuts,3966.3,27.5391,2.0,44.35,5720.0
F02379,vetches,1460.8,23.174,24.0,18.26,3620.0
F02380,onions and shallots green,17518.2,24.5278,11.0,67.69,1380.0
F02381,sugar cane,52190.9,27.5214,2.0,55.48,4141.0
F02382,canary seed,0.0,24.3263,10.0,55.37,6190.0
F02383,cereals n e c,2672.8,19.8107,11.0,30.56,18700.0
F02384,dates,15663.9,29.3847,9.0,34.18,4550.0
F02385,buckwheat,1126.9,18.7296,11.0,22.03,6800.0
F02386,peas dry,1628.6,29.1722,48.0,45.08,2951.0
F02387,sunflower seed,1870.0,25.0756,7.0,69.46,7625.0
F02388,safflower seed,719.1,21.8117,18.0,31.0,2840.0
F02389,other beans green,9000.0,28.6141,4.0,62.33,5865.0
F02390,natural rubber in primary forms,2265.1,25.8671,104.0,37.84,2110.0
F02391,milk total,3008.0,11.8277,2.0,49.97,2450.0
F02392,raw milk of cattle,33406.0,29.5781,10.0,16.98,6790.0
F02393,groundnut,61275.3,33.2345,7.0,67.04,4200.0
F02394,cantaloupes and other melons,17288.4,25.4348,2.0,38.63,5955.0
F02395,tung nuts,890.7,23.2024,46.0,68.57,2760.0
F02396,cantaloupes and other melons,6529.6,19.9289,68.0,42.97,2330.0
F02397,pistachios in shell,668.3,27.6275,6.0,42.18,12000.0
F02398,raw hides and skins of goats or kids,25.0,26.6333,6.0,61.17,5420.0
F02399,other fibre crops raw n e c,631.1,24.3277,2.0,50.69,5651.0
F02400,jute raw or retted,1522.9,25.4047,4.0,53.18,2560.0
F02401,rape or colza seed,2161.7,26.8305,6.0,41.4,11180.0
F02402,other pome fruits,4142.4,17.2494,2.0,51.42,5800.0
F02403,pulses total,1246.6,23.7975,4.0,10.32,2100.0
F02404,true hemp raw or retted,4542.8,26.1055,132.0,67.37,2940.0
F02405,cherries,7081.4,20.2802,4.0,66.69,5300.0
F02406,buckwheat,1360.5,25.5042,5.0,55.27,1910.0
F02407,potatoes,11303.6,24.8321,8.0,42.4,7750.0
F02408,gur,852.0,21.4087,4.0,13.8,3180.0
F02409,jojoba seeds,470.8,22.8485,32.0,39.5,2000.0
F02410,lemons and limes,6112.5,19.0781,4.0,59.03,5635.0
F02411,groundnuts excluding shelled,1588.5,22.4742,14.0,57.97,6563.0
F02412,fruit primary,10862.2,27.8242,42.0,53.0,4151.0
F02413,pomegranate,30869.9,18.2023,104.0,31.22,2750.0
F02414,unmanufactured tobacco,1851.9,25.0087,12.0,45.02,2185.0
F02415,jute raw or retted,2379.1,26.0018,18.0,69.46,1450.0
F02416,soya beans,1952.7,28.5783,2.0,44.42,8050.0
F02417,plums and sloes,8612.5,25.4252,5.0,35.72,2425.0
F02418,sugar cane,64638.6,23.3384,25.0,46.94,6395.0
F02419,yams,8373.7,23.8258,10.0,40.44,7180.0
F02420,cauliflower,33605.5,32.2694,24.0,37.76,570.0
F02421,canary seed,405.2,21.2594,12.0,50.96,1250.0
F02422,kidneybeans,6585.3,19.9289,10.0,19.6,570.0
F02423,raw hides and skins of buffaloes,335.0,27.2278,2.0,40.55,2515.0
F02424,raw hides and skins of cattle,267.0,22.1906,4.0,30.57,560.0
F02425,sisal raw,1039.5,21.8013,8.0,11.37,1530.0
F02426,figs,17444.2,19.6492,12.0,62.13,2325.0
F02427,sesame seed,533.3,28.7401,2.0,47.29,4450.0
F02428,mothbeans,1788.5,27.6547,54.0,20.06,1210.0
F02429,oats,2258.1,27.8403,28.0,52.53,4155.0
F02430,chillies and peppers dry raw,782.9,21.3514,3.0,57.44,3900.0
F02431,grape,22239.4,27.92,18.0,65.27,4230.0
F02432,unmanufactured tobacco,2012.6,28.0958,22.0,33.64,4060.0
F02433,coffee green,380.0,28.8941,2.0,26.66,6100.0
F02434,ramie raw or retted,3919.6,25.6322,50.0,42.09,4199.0
F02435,true hemp raw or retted,1000.0,29.0991,2.0,47.16,2400.0
F02436,green gram,1168.3,21.8062,38.0,16.07,7751.0
F02437,safflower seed,1644.9,28.385,26.0,60.71,2300.0
F02438,chicory roots,45388.1,27.5728,4.0,26.19,5380.0
F02439,other vegetables fresh n e c,9998.0,16.7756,8.0,53.51,2120.0
F02440,cow peas dry,434.4,23.593,50.0,15.24,6000.0
F02441,brinjal,7295.5,20.06,78.0,14.65,1250.0
F02442,soybean,3268.6,25.5675,26.0,39.74,4086.0
F02443,fruit primary,7454.4,26.4402,12.0,24.2,3801.0
F02444,tea leaves,9715.0,20.1237,18.0,53.23,7350.0
F02445,unmanufactured tobacco,877.9,17.8485,22.0,49.13,4011.0
F02446,sesame seed,501.0,29.4642,8.0,53.24,4200.0
F02447,watermelon,43298.6,25.376,15.0,35.92,5900.0
F02448,rape or colza seed,2790.1,29.6885,6.0,24.39,4021.0
F02449,cucumbers and gherkins,22285.7,21.4218,50.0,57.89,3000.0
F02450,cashewapple,2402.9,24.9704,16.0,28.88,8200.0
F02451,yautia,10469.1,26.9245,2.0,28.35,4930.0
F02452,vanilla raw,275.3,16.3962,24.0,37.9,4125.0
F02453,cereals n e c,2059.5,28.5782,16.0,55.21,7060.0
F02454,citrus fruit total,6146.6,27.3459,8.0,49.54,2101.0
F02455,chickpea,7430.3,18.1974,6.0,42.94,2305.0
F02456,cow peas dry,150.0,21.4761,2.0,12.58,4100.0
F02457,buckwheat,729.3,18.9285,11.0,54.82,4305.0
F02458,chillies and peppers green,269230.8,28.941,4.0,11.59,2535.0
F02459,citrus fruit total,11460.4,28.069,8.0,51.52,7175.0
F02460,vegetables primary,25794.0,22.4458,5.0,55.52,1730.0
F02461,oats,2757.9,35.8986,10.0,67.13,5895.0
F02462,leeks and other alliaceous vegetables,44879.5,30.7938,52.0,33.7,2830.0
F02463,raw milk of buffalo,12669.0,27.339,24.0,66.31,2425.0
F02464,almonds in shell,2062.4,24.5925,44.0,54.92,2435.0
F02465,onions and shallots green,45209.7,28.4365,2.0,60.17,4750.0
F02466,hazelnuts in shell,1230.4,24.8609,22.0,28.01,4280.0
F02467,oilcrops cake equivalent,1799.9,19.6374,23.0,11.35,3900.0
F02468,wheat,1320.4,25.8976,2.0,63.29,2400.0
F02469,chillies and peppers dry raw,1915.7,20.2671,9.0,67.25,5600.0
F02470,other beans green,928.1,28.568,7.0,53.82,7305.0
F02471,other stimulant spice and aromatic crops n e c,1238.3,26.1371,50.0,32.44,13360.0
F02472,milk total,10939.0,43.302,21.0,58.97,1600.0
F02473,chestnuts in shell,1726.9,27.999,3.0,13.24,2625.0
F02474,chillies and peppers green,8204.2,26.1387,10.0,65.15,2810.0
F02475,arhar,6833.2,24.2161,11.0,48.26,6245.0
F02476,onions and shallots dry,31856.2,26.3593,6.0,25.19,5890.0
F02477,jute,2501.0,24.4474,50.0,16.64,8250.0
F02478,kola nuts,558.3,21.3509,6.0,51.52,3900.0
F02479,muskmelon,513.4,28.5905,14.0,32.58,5350.0
F02480,walnuts in shell,20.8,27.8449,6.0,15.71,16750.0
F02481,jojoba seeds,470.8,31.7768,18.0,13.02,4710.0
F02482,nutmeg mace cardamoms raw,183.9,11.5032,90.0,41.53,800.0
F02483,eggs from other birds in shell fresh n e c,454.0,25.9678,19.0,59.71,3455.0
F02484,vegetables primary,9768.6,29.3825,4.0,32.8,4300.0
F02485,asparagus,5969.5,17.3415,38.0,14.03,3931.0
F02486,pears,9518.0,18.8978,48.0,17.38,5025.0
F02487,hazelnuts in shell,518.6,39.7315,7.0,37.78,2100.0
F02488,raw hides and skins of buffaloes,378.0,23.1426,23.0,19.46,6150.0
F02489,sugar cane,20000.0,27.322,2.0,19.14,2040.0
F02490,currants,2921.2,28.7649,78.0,44.05,1700.0
F02491,kenaf and other textile bast fibres raw or retted,460.5,22.2287,48.0,54.57,5850.0
F02492,cashew nuts in shell,1091.4,25.5496,5.0,22.83,19725.0
F02493,cinnamon and cinnamon tree flowers raw,1522.8,26.3593,34.0,40.43,1400.0
F02494,okra,9367.3,26.6507,11.0,58.16,5851.0
F02495,other beans green,19488.5,29.4346,120.0,36.95,6299.0
F02496,green corn,5428.4,27.864,80.0,51.7,5000.0
F02497,other sugar crops n e c,2792.0,27.1051,8.0,27.48,2860.0
F02498,chilli,23000.0,20.0468,16.0,49.39,2400.0
F02499,roots and tubers total,21851.3,21.0221,9.0,44.46,19700.0
F02500,leeks and other alliaceous vegetables,18325.5,30.4368,3.0,30.91,2260.0
F02501,banana,3055.0,28.65,52.0,60.79,2950.0
F02502,lemons and limes,32371.5,27.9429,6.0,14.79,6600.0
F02503,dates,8384.0,24.3353,32.0,30.42,6100.0
F02504,chilli,1584.2,20.0454,2.0,28.11,1670.0
F02505,karite nuts,867.4,29.3825,24.0,30.86,2000.0
F02506,rice,7136.8,26.0887,9.0,41.3,4480.0
F02507,grape,29740.8,41.9487,14.0,32.11,5973.0
F02508,potatoes,37766.6,28.5238,7.0,40.54,1300.0
F02509,okra,5000.0,25.4348,26.0,50.55,2280.0
F02510,plums and sloes,3430.6,33.0469,18.0,55.05,5350.0
F02511,other vegetables fresh n e c,15415.5,22.9236,38.0,48.11,6500.0
F02512,peas dry,1586.4,28.3472,11.0,23.85,5390.0
F02513,persimmons,5677.6,29.507,52.0,46.29,4300.0
F02514,eggs from other birds in shell fresh n e c,4062581.0,23.9814,26.0,15.09,3300.0
F02515,hazelnuts in shell,1804.7,26.0538,32.0,62.55,4580.0
F02516,blueberries,6548.2,26.3663,6.0,35.5,35100.0
F02517,other oil seeds n e c,1554.9,26.1055,2.0,47.65,4055.0
F02518,sugar beet,57251.9,25.9795,62.0,13.86,2225.0
F02519,yams,8869.9,34.9466,27.0,34.04,7000.0
F02520,sesame seed,259.0,23.502,2.0,39.5,3700.0
F02521,beans dry,1306.0,26.8704,2.0,54.7,5800.0
F02522,kenaf and other textile bast fibres raw or retted,1176.9,27.1082,8.0,24.42,1660.0
F02523,citrus fruit total,4524.0,27.3591,18.0,62.68,3550.0
F02524,raw hides and skins of cattle,202.0,27.5219,6.0,46.53,6240.0
F02525,karite nuts,1711.3,29.6321,8.0,54.16,1025.0
F02526,green gram,286.0,24.3974,16.0,24.23,6462.0
F02527,chilli,2246.7,23.4855,52.0,67.86,4500.0
F02528,maize,8099.8,18.5251,30.0,66.7,2070.0
F02529,abaca manila hemp raw,1305.5,33.7837,22.0,11.85,5500.0
F02530,jute,235.9,23.9289,5.0,40.36,4200.0
F02531,fruit primary,10858.9,21.0114,40.0,19.54,2300.0
F02532,mungbean,18072.4,28.1743,32.0,28.28,2433.0
F02533,peppermint spearmint,16225.5,33.1818,7.0,18.51,8800.0
F02534,okra,8863.8,22.8123,132.0,69.41,1500.0
F02535,sour cherries,6469.2,23.9615,26.0,26.93,6100.0
F02536,maize,870.5,25.9748,11.0,67.56,1660.0
F02537,lentil,3205.3,18.0649,48.0,21.81,7000.0
F02538,brinjal,17044.3,22.9205,10.0,42.08,1620.0
F02539,chillies and peppers dry raw,5914.0,31.2279,2.0,48.96,7410.0
F02540,anise badian coriander cumin caraway fennel and juniper berries raw,800.0,26.2964,8.0,18.63,5675.0
F02541,dates,2085.5,24.1709,20.0,14.5,1940.0
F02542,raw hides and skins of sheep or lambs,29.0,33.3302,24.0,41.69,2130.0
F02543,bajra,1752.9,27.705,5.0,18.96,2360.0
F02544,mango,52790.0,32.8214,26.0,28.85,3600.0
F02545,brinjal,1020.4,23.4626,10.0,64.18,1885.0
F02546,artichokes,10545.3,27.5935,5.0,56.42,1900.0
F02547,milk total,64972.0,28.6609,23.0,35.66,7200.0
F02548,cucumbers and gherkins,42857.7,27.5935,3.0,52.72,2700.0
F02549,asparagus,4227.5,20.1608,9.0,26.99,4450.0
F02550,sour cherries,11542.5,29.4774,13.0,31.27,1625.0
F02551,cabbages,7860.0,27.6275,26.0,51.33,5065.0
F02552,strawberries,40995.7,24.3712,4.0,43.99,10470.0
F02553,kola nuts,300.2,23.986,10.0,56.64,18700.0
F02554,raw milk of camel,3120.0,23.9814,19.0,11.75,2550.0
F02555,lemons and limes,2461.9,28.3869,11.0,32.26,21901.0
F02556,carrot,9019.4,28.7783,3.0,69.24,200.0
F02557,yams,10787.6,24.868,52.0,60.16,4100.0
F02558,lemons and limes,32371.5,43.0802,2.0,29.68,2799.0
F02559,triticale,2348.3,22.4725,2.0,62.91,4035.0
F02560,other tropical fruits n e c,12118.9,23.5001,22.0,15.64,3775.0
F02561,seed cotton unginned,2673.7,31.4651,12.0,60.38,5850.0
F02562,persimmons,21657.1,18.1723,26.0,55.86,2150.0
F02563,cassava leaves,10000.0,28.4206,4.0,14.15,18900.0
F02564,pulses total,2831.0,22.7509,4.0,54.06,2625.0
F02565,vanilla raw,327.7,22.4338,12.0,40.44,3300.0
F02566,persimmons,21814.3,29.1623,2.0,58.85,2196.0
F02567,peaches and nectarines,14645.9,24.1638,4.0,63.29,5435.0
F02568,treenuts total,8.5,25.7854,8.0,65.53,2500.0
F02569,vegetables primary,7643.3,27.5935,20.0,58.21,1765.0
F02570,carrots and turnips,37953.3,29.4202,44.0,38.49,6340.0
F02571,other sugar crops n e c,13099.4,23.626,8.0,65.26,2200.0
F02572,oil palm fruit,8834.4,28.6828,4.0,37.31,9180.0
F02573,tallowtree seeds,2470.4,26.0387,24.0,37.28,2355.0
F02574,kenaf and other textile bast fibres raw or retted,1364.0,35.9518,44.0,38.17,3530.0
F02575,potatoes,19498.9,21.6602,8.0,25.36,4100.0
F02576,groundnut,7891.2,23.4261,20.0,31.01,4475.0
F02577,broad beans and horse beans dry,1912.3,30.0182,2.0,29.24,4000.0
F02578,ginger,39835.8,28.9517,8.0,47.41,5520.0
F02579,kiwi fruit,15994.5,42.3941,5.0,63.54,2625.0
F02580,peppermint spearmint,1640.0,25.1374,2.0,26.09,2310.0
F02581,lentil,31287.4,18.5414,28.0,44.58,6370.0
F02582,cassava leaves,10000.0,26.4549,12.0,15.34,9000.0
F02583,broad beans and horse beans green,7535.6,23.7387,14.0,37.66,2440.0
F02584,broad beans and horse beans green,2675.1,23.2624,16.0,38.63,2415.0
F02585,olives,1683.2,28.048,28.0,68.59,5575.0
F02586,raw hides and skins of sheep or lambs,67.0,22.3016,9.0,49.33,3580.0
F02587,linseed,819.5,29.2565,6.0,17.84,4000.0
F02588,kidneybeans,1025.2,19.9192,12.0,35.67,2650.0
F02589,pigeonpeas,77.2,36.3005,15.0,22.87,15000.0
F02590,plantains and cooking bananas,24326.0,26.4931,6.0,28.91,2750.0
F02591,pyrethrum dried flowers,424.9,24.0668,5.0,41.64,5342.0
F02592,safflower seed,557.3,18.9022,48.0,40.95,5175.0
F02593,eggs from other birds in shell fresh n e c,80.0,33.5615,14.0,15.4,2558.0
F02594,groundnuts excluding shelled,1083.3,27.0065,10.0,36.08,6562.0
F02595,carrot,2688.6,27.0121,2.0,68.24,7800.0
F02596,peas green,5808.8,25.4252,50.0,25.19,400.0
F02597,sugar cane,79309.2,21.3778,14.0,20.11,7000.0
F02598,beans dry,910.1,28.0485,5.0,21.56,6023.0
F02599,sesame seed,941.3,33.2345,4.0,24.59,6070.0
F02600,apple,5815.9,21.8013,3.0,55.84,8370.0
F02601,raw hides and skins of sheep or lambs,14.0,21.0727,5.0,35.06,2600.0
F02602,other nuts in shell n e c,9620.6,28.609,9.0,42.83,2226.0
F02603,kiwi fruit,17704.3,21.3278,6.0,49.64,20000.0
F02604,plantains and cooking bananas,13836.1,27.3137,9.0,54.32,2371.0
F02605,fonio,1399.3,20.2671,7.0,35.5,250.0
F02606,soya beans,2263.2,27.3001,50.0,64.24,5005.0
F02607,chick peas dry,1019.5,28.0032,10.0,16.5,2400.0
F02608,mangoes guavas and mangosteens,5880.0,10.1643,2.0,33.48,700.0
F02609,plantains and cooking bananas,4746.3,25.1964,10.0,34.88,5710.0
F02610,onions and shallots green,22726.9,19.8839,16.0,14.14,6040.0
F02611,pigeon peas dry,910.0,23.2068,18.0,11.66,7400.0
F02612,pineapples,12410.3,34.1772,11.0,69.74,5760.0
F02613,locust beans,2113.0,21.6315,7.0,21.82,4965.0
F02614,tea leaves,380.8,29.5888,8.0,62.66,1665.0
F02615,safflower seed,500.0,28.9025,30.0,36.75,5877.5
F02616,kidneybeans,3597.6,15.5383,36.0,18.68,24600.0
F02617,olives,7314.0,11.1899,6.0,18.14,6680.0
F02618,melonseed,518.1,24.0295,4.0,48.54,2557.0
F02619,jojoba seeds,470.8,28.9833,11.0,67.12,7700.0
F02620,seed cotton unginned,6604.8,34.74,84.0,46.46,7800.0
F02621,cassava leaves,10000.0,21.3514,38.0,39.78,4200.0
F02622,coffee green,599.1,27.1872,2.0,46.23,6930.0
F02623,tangerines mandarins clementines,11074.4,25.1384,16.0,19.18,5465.0
F02624,triticale,3364.2,29.6885,90.0,28.06,2275.0
F02625,milk total,26396.0,13.8377,21.0,26.87,7055.0
F02626,yams,13220.7,23.6119,28.0,60.76,4200.0
F02627,currants,2065.6,28.0548,2.0,53.08,4255.0
F02628,coconuts in shell,4188.2,27.9237,23.0,13.65,2150.0
F02629,nutmeg mace cardamoms raw,505.7,22.8485,2.0,59.52,6645.0
F02630,blueberries,5751.5,24.8544,13.0,50.14,2000.0
F02631,garlic,738.9,28.0958,6.0,48.1,6415.0
F02632,beans dry,1124.9,19.6569,46.0,58.96,5500.0
F02633,mustard seed,681.2,27.3459,3.0,13.14,8630.0
F02634,asparagus,4262.7,30.0855,4.0,41.77,2575.0
F02635,sesame seed,4827.6,29.6924,5.0,68.54,7720.0
F02636,areca nuts,3637.3,20.1608,50.0,21.58,1520.0
F02637,spinach,42137.3,18.3589,21.0,29.85,1975.0
F02638,bhindi,7917.3,28.8767,2.0,48.78,5750.0
F02639,jute raw or retted,2359.7,19.2889,104.0,45.62,3835.0
F02640,anise badian coriander cumin caraway fennel and juniper berries raw,1135.3,24.875,68.0,18.77,2700.0
F02641,cauliflowers and broccoli,27418.7,22.9639,26.0,67.49,2610.0
F02642,chicory roots,21203.2,19.4865,2.0,12.85,5350.0
F02643,walnuts in shell,4719.8,24.4911,2.0,29.25,7200.0
F02644,pistachios in shell,1035.2,31.1105,6.0,55.83,2770.0
F02645,oats,2593.9,13.285,10.0,43.04,4100.0
F02646,papaya,4348.9,37.0355,12.0,17.94,2120.0
F02647,mixed grain,4919.6,27.8242,24.0,27.88,4289.0
F02648,mustard seed,800.0,29.4577,2.0,35.35,4120.0
F02649,cauliflowers and broccoli,7945.9,18.1303,68.0,16.0,2990.0
F02650,anise badian coriander cumin caraway fennel and juniper berries raw,886.7,25.7935,7.0,38.04,4200.0
F02651,kola nuts,670.0,29.653,44.0,10.51,6290.0
F02652,sweet potatoes,6256.7,29.3774,2.0,55.11,6299.0
F02653,potatoes,15112.1,25.4079,7.0,34.97,4200.0
F02654,pyrethrum dried flowers,637.8,16.1482,27.0,35.0,2565.0
F02655,raw milk of cattle,5715.0,23.5001,10.0,60.58,860.0
F02656,leeks and other alliaceous vegetables,18592.5,32.9703,144.0,63.75,2850.0
F02657,muskmelon,6154.0,29.1097,38.0,30.35,1785.0
F02658,safflower seed,794.7,25.8693,6.0,38.42,888.0
F02659,raw hides and skins of buffaloes,614.0,28.278,13.0,43.4,6100.0
F02660,ramie raw or retted,2170.7,23.2808,14.0,48.63,5330.0
F02661,kenaf and other textile bast fibres raw or retted,1396.1,25.741,50.0,26.44,4250.0
F02662,blackgram,570.0,31.5585,22.0,17.68,22100.0
F02663,bhindi,13519.1,25.1369,6.0,23.15,2170.0
F02664,triticale,3579.6,21.9104,13.0,56.42,3780.0
F02665,quinces,4022.7,23.0101,13.0,37.22,6200.0
F02666,apple,10344.2,21.7042,2.0,31.98,9075.0
F02667,yautia,9993.6,29.1401,16.0,21.17,5700.0
F02668,mungbean,1486.3,27.3368,11.0,45.27,5700.0
F02669,other stone fruits,5557.1,23.6921,2.0,27.2,5800.0
F02670,other tropical fruits n e c,8220.3,24.3712,25.0,23.76,4636.0
F02671,hempseed,850.0,17.2239,13.0,66.48,3737.0
F02672,edible roots and tubers with high starch or inulin content n e c fresh,4670.5,22.3194,4.0,11.57,5810.0
F02673,papayas,64130.4,33.796,15.0,64.37,5125.0
F02674,sweet potatoes,12244.8,33.1818,8.0,64.04,11900.0
F02675,other fibre crops raw n e c,561.8,25.1111,2.0,30.55,7640.0
F02676,walnuts in shell,3929.0,41.3133,2.0,54.98,3081.0
F02677,flax raw or retted,514.0,27.8125,4.0,40.44,6400.0
F02678,potatoes,17209.0,36.8916,4.0,66.83,6200.0
F02679,gooseberries,5636.7,18.8885,7.0,68.45,6000.0
F02680,tung nuts,1131.2,30.4918,13.0,35.39,4100.0
F02681,pumpkins squash and gourds,7700.4,27.1487,14.0,30.05,2325.0
F02682,pulses total,1262.8,42.9233,26.0,47.43,5415.0
F02683,green corn,14359.6,20.5798,2.0,50.91,7040.0
F02684,lettuce and chicory,15185.9,24.2914,7.0,66.84,4149.0
F02685,hazelnuts in shell,921.2,28.8808,26.0,53.26,1894.0
F02686,cashew nuts in shell,1087.1,21.9814,7.0,30.49,5651.0
F02687,lupins,1000.0,21.5358,24.0,26.61,3100.0
F02688,okra,18000.0,27.6964,5.0,57.88,6280.0
F02689,broad beans and horse beans dry,902.0,22.6036,4.0,13.62,7152.5
F02690,brinjal,78837.0,19.0794,4.0,60.08,1065.0
F02691,nutmeg mace cardamoms raw,286.4,29.9968,10.0,17.02,5755.0
F02692,sour cherries,1302.0,18.2877,27.0,24.16,4170.0
F02693,arhar,18821.8,28.5474,14.0,10.88,5000.0
F02694,other vegetables fresh n e c,6449.8,23.2808,46.0,28.71,2210.0
F02695,unmanufactured tobacco,1125.0,33.0469,9.0,63.6,6612.0
F02696,mat leaves,4200.0,32.3474,30.0,16.39,1800.0
F02697,papayas,39922.2,26.4733,4.0,46.58,4780.0
F02698,raw hides and skins of goats or kids,74.0,28.2348,22.0,40.95,2775.0
F02699,leeks and other alliaceous vegetables,10941.2,19.2889,52.0,47.02,5770.0
F02700,kapok fruit,1619.0,16.3625,2.0,19.06,24400.0
F02701,cereals primary,6201.1,29.0727,28.0,33.27,1675.0
F02702,edible roots and tubers with high starch or inulin content n e c fresh,6807.5,16.2785,7.0,17.65,2810.0
F02703,plums and sloes,18057.0,25.7304,10.0,18.52,4000.0
F02704,muskmelon,3379.2,28.5238,24.0,69.41,3835.0
F02705,cashewapple,2587.6,36.9779,4.0,25.2,2330.0
F02706,lemons and limes,10026.9,27.5609,20.0,49.13,6915.0
F02707,maize,1000.3,23.8911,11.0,26.57,2335.0
F02708,mustard,9394.4,29.5875,2.0,22.14,5405.0
F02709,raw milk of cattle,109260.0,21.1985,4.0,49.21,4470.0
F02710,coconut,15358.0,29.7093,16.0,47.31,5925.0
F02711,broad beans and horse beans green,10591.5,26.5939,32.0,26.41,2200.0
F02712,rice,3538.1,24.015,2.0,48.45,4600.0
F02713,vanilla raw,409.6,16.5346,14.0,22.25,2500.0
F02714,raw hides and skins of cattle,341.0,29.0938,11.0,21.95,740.0
F02715,soya beans,2412.3,22.4562,2.0,35.62,6000.0
F02716,fibre crops fibre equivalent,2789.7,29.9836,6.0,37.82,5391.0
F02717,papayas,10804.7,30.9491,4.0,15.95,3700.0
F02718,kidneybeans,3970.5,19.727,104.0,16.52,6900.0
F02719,melonseed,1477.3,31.2163,32.0,19.6,3040.0
F02720,pears,10639.4,31.8521,2.0,67.13,2483.0
F02721,jowar,3284.5,27.8403,24.0,29.75,4600.0
F02722,cassava fresh,25109.2,20.4895,3.0,39.16,7180.0
F02723,vetches,1244.2,35.4579,4.0,55.97,5946.0
F02724,watermelon,23173.0,24.9103,8.0,36.13,6800.0
F02725,blackgram,107.8,30.335,50.0,58.37,18251.0
F02726,apricots,1975.0,25.4623,3.0,26.23,4040.0
F02727,rice,8715.9,25.4859,16.0,40.79,1720.0
F02728,mustard,19847.0,19.4075,2.0,32.43,5051.0
F02729,cauliflower,1459.3,17.5721,16.0,41.64,400.0
F02730,currants,4587.2,10.2709,3.0,31.4,2265.0
F02731,cucumbers and gherkins,127735.3,20.2816,6.0,36.11,2237.0
F02732,karite nuts,1025.2,22.7813,66.0,51.41,8360.0
F02733,figs,13039.7,22.9821,15.0,25.56,2560.0
F02734,fruit primary,31324.8,21.6316,50.0,54.93,2200.0
F02735,green corn,25920.5,29.4577,50.0,21.45,4185.0
F02736,vanilla raw,166.1,26.1793,90.0,11.59,11500.0
F02737,bhindi,0.0,27.8242,16.0,54.08,1900.0
F02738,lentil,8000.0,27.612,22.0,44.43,5950.0
F02739,cereals n e c,1005.2,29.4774,4.0,49.87,2770.0
F02740,yams,8203.4,21.9856,32.0,57.49,5695.0
F02741,orange,3663.6,29.0741,78.0,18.36,1820.0
F02742,cranberries,6502.6,29.8597,15.0,33.71,4010.0
F02743,oil palm fruit,7674.1,28.6301,2.0,57.95,16225.0
F02744,sweet potatoes,21891.8,29.2441,2.0,33.45,7550.0
F02745,kapok fruit,1319.5,39.0407,54.0,29.13,4010.0
F02746,chick peas dry,11877.9,34.1307,28.0,67.46,1620.0
F02747,brinjal,5805.7,28.9804,12.0,15.81,1200.0
F02748,pistachios in shell,1125.9,31.5585,40.0,58.44,17000.0
F02749,chillies and peppers dry raw,14145.3,26.3391,12.0,29.32,1245.0
F02750,hempseed,625.0,27.7543,8.0,11.42,6900.0
F02751,sour cherries,7015.6,29.628,4.0,65.73,2510.0
F02752,carrots and turnips,21099.0,23.3229,9.0,40.27,6322.0
F02753,lupins,1918.0,25.3659,6.0,21.23,5452.0
F02754,cantaloupes and other melons,22194.6,28.5462,7.0,12.76,6783.0
F02755,linseed,748.4,24.3018,9.0,65.34,19000.0
F02756,hempseed,1033.6,29.1609,6.0,11.84,5300.0
F02757,oilcrops cake equivalent,325.6,23.4538,22.0,47.67,1300.0
F02758,oilcrops cake equivalent,1648.3,28.2797,3.0,30.58,4570.0
F02759,persimmons,10127.5,28.4357,2.0,39.85,4300.0
F02760,muskmelon,32222.2,29.3408,4.0,58.02,4500.0
F02761,peas dry,873.9,23.603,2.0,26.02,4800.0
F02762,tung nuts,2550.7,20.3369,11.0,18.77,2155.0
F02763,other beans green,6227.3,22.3663,12.0,50.55,7712.0
F02764,groundnuts excluding shelled,1548.3,27.322,15.0,27.32,6865.0
F02765,pigeon peas dry,1719.9,24.868,12.0,62.1,2690.0
F02766,bhindi,24460.2,33.4462,6.0,15.57,4300.0
F02767,mango,72466.0,31.8574,7.0,27.62,5200.0
F02768,other stimulant spice and aromatic crops n e c,1127.0,28.5621,2.0,40.63,6670.0
F02769,orange,11132.8,18.0514,18.0,39.13,3880.0
F02770,cauliflowers and broccoli,17702.4,11.1899,28.0,32.64,1560.0
F02771,buckwheat,2549.9,25.4047,19.0,21.73,4350.0
F02772,anise badian coriander cumin caraway fennel and juniper berries raw,1000.8,26.4733,17.0,33.62,3100.0
F02773,tangerines mandarins clementines,17584.3,26.6142,54.0,36.35,11900.0
F02774,hen eggs in shell fresh,189593.0,26.986,16.0,60.16,5450.0
F02775,sugar cane,95002.7,19.8134,44.0,62.23,5838.0
F02776,soya beans,2500.0,29.8923,11.0,25.41,6000.0
F02777,other fibre crops raw n e c,10766.5,31.6652,3.0,16.08,1610.0
F02778,mat leaves,4200.0,11.5032,12.0,36.36,2395.0
F02779,garlic,183.0,32.2765,10.0,10.45,2900.0
F02780,chilli,13130.0,27.5219,6.0,54.1,3625.0
F02781,hempseed,625.0,31.0856,27.0,57.11,1135.0
F02782,mat leaves,4200.0,24.9012,25.0,59.27,2750.0
F02783,other pome fruits,1333.3,29.8075,24.0,40.04,5415.0
F02784,asparagus,1625.0,27.999,21.0,64.15,8460.0
F02785,sisal raw,536.0,17.1825,2.0,40.87,7650.0
F02786,pineapples,29431.0,24.8402,2.0,39.76,4200.0
F02787,citrus fruit total,15614.9,26.1055,14.0,60.07,4085.0
F02788,green garlic,7490.7,34.8981,8.0,67.6,7630.0
F02789,vanilla raw,194.2,19.6671,4.0,18.23,1670.0
F02790,areca nuts,980.3,34.7609,38.0,48.88,1240.0
F02791,rape or colza seed,1176.7,28.0764,24.0,53.4,5300.0
F02792,treenuts total,328.1,30.072,38.0,12.92,4000.0
F02793,raw milk of goats,292.0,27.9348,36.0,49.85,4630.0
F02794,soya beans,1144.8,23.8748,7.0,69.98,3000.0
F02795,string beans,12420.7,27.5136,23.0,69.11,5751.0
F02796,poppy seed,1083.1,28.9186,48.0,23.05,6901.0
F02797,raw hides and skins of sheep or lambs,7.0,29.8304,5.0,56.25,2196.0
F02798,green garlic,8297.8,19.1346,26.0,15.51,8160.0
F02799,other pulses n e c,562.7,28.9636,42.0,25.88,1600.0
F02800,tangerines mandarins clementines,1128.3,27.9277,4.0,33.7,5851.0
F02801,dates,30440.8,25.6322,40.0,64.59,5710.0
F02802,pomelos and grapefruits,18080.9,28.9732,10.0,51.02,6469.0
F02803,okra,10000.0,24.8973,28.0,32.7,3700.0
F02804,rye,5535.3,31.2048,2.0,42.12,7730.0
F02805,sugar beet,20885.8,40.6601,4.0,63.57,15200.0
F02806,tea leaves,8939.1,15.3247,62.0,64.94,5899.0
F02807,pepper raw,605.2,18.1791,4.0,65.15,7050.0
F02808,edible roots and tubers with high starch or inulin content n e c fresh,7661.2,28.3333,2.0,39.17,1800.0
F02809,cabbages,23960.3,26.3986,14.0,57.79,6500.0
F02810,mustard,1189.0,22.0278,54.0,44.3,5500.0
F02811,agave fibres raw n e c,956.0,23.626,8.0,39.64,2335.0
F02812,cabbage,11829.2,21.2131,20.0,54.96,2000.0
F02813,other berries and fruits of the genus vaccinium n e c,5000.0,23.5588,9.0,61.95,2850.0
F02814,other nuts in shell n e c,0.0,31.5621,10.0,16.48,1785.0
F02815,avocados,5737.1,28.3333,18.0,13.06,5820.0
F02816,cow peas dry,3380.5,25.2347,2.0,53.28,2474.0
F02817,other berries and fruits of the genus vaccinium n e c,3066.6,33.2345,21.0,19.75,4500.0
F02818,sugar crops primary,98519.3,25.9402,6.0,46.54,4246.0
F02819,ramie raw or retted,2170.7,29.503,28.0,13.49,4460.0
F02820,edible roots and tubers with high starch or inulin content n e c fresh,11812.4,24.173,30.0,60.4,6120.0
F02821,avocados,7014.4,25.376,18.0,31.69,5655.0
F02822,raw milk of cattle,69906.0,22.7127,26.0,49.97,2560.0
F02823,ginger,1111.1,23.3357,24.0,40.19,3110.0
F02824,ginger raw,4711.4,27.1051,33.0,10.26,2520.0
F02825,coconut,1094.2,28.3575,16.0,29.65,9910.0
F02826,cauliflower,3952.1,25.4994,4.0,26.63,1355.0
F02827,groundnut,424.9,33.5615,68.0,41.9,4200.0
F02828,mangoes guavas and mangosteens,7544.5,17.1825,2.0,66.82,4300.0
F02829,pigeonpeas,5760.3,27.3353,23.0,16.09,1105.0
F02830,hop cones,2492.3,25.6217,6.0,17.47,6200.0
F02831,rice,299.1,21.5871,20.0,44.86,4130.0
F02832,barley,2163.4,25.6896,2.0,69.51,800.0
F02833,other fibre crops raw n e c,203.9,30.072,2.0,46.07,2690.0
F02834,flax raw or retted,250.0,29.1483,50.0,53.78,1600.0
F02835,nutmeg mace cardamoms raw,369.8,11.1899,14.0,50.14,2180.0
F02836,other fruits n e c,21607.6,25.5194,4.0,20.48,2900.0
F02837,treenuts total,2502.2,18.0713,2.0,35.75,5200.0
F02838,broad beans and horse beans dry,2404.0,31.129,10.0,19.22,2765.0
F02839,papayas,10804.7,21.0194,14.0,52.24,5450.0
F02840,taro,5046.6,23.0897,15.0,26.38,4130.0
F02841,raw hides and skins of goats or kids,18.0,27.7427,7.0,41.12,3000.0
F02842,peppermint spearmint,16901.4,28.568,23.0,46.52,2155.0
F02843,string beans,728.2,28.8263,14.0,57.64,6900.0
F02844,taro,7110.5,24.3353,30.0,42.61,3350.0
F02845,string beans,10206.2,21.8052,10.0,30.6,18600.0
F02846,castor oil seeds,651.0,21.4761,14.0,43.32,2100.0
F02847,grape,11605.9,21.119,6.0,43.24,2371.0
F02848,true hemp raw or retted,1000.0,28.6916,2.0,15.6,6880.0
F02849,maize,3378.2,22.8056,4.0,56.21,2180.0
F02850,onions and shallots green,7863.5,19.5431,18.0,53.01,5950.0
F02851,rape or colza seed,2350.4,26.0538,15.0,16.07,1700.0
F02852,raw milk of camel,3027.0,35.8986,28.0,21.26,6591.0
F02853,tomatoes,14468.2,24.9146,28.0,19.4,4036.0
F02854,pulses total,1559.9,25.0756,10.0,13.24,4000.0
F02855,coffee,2270.0,27.9237,6.0,33.42,5950.0
F02856,other pome fruits,4142.4,24.6923,2.0,13.11,8980.0
F02857,taro,18974.0,17.1369,10.0,64.83,4460.0
F02858,other pulses n e c,992.8,28.8941,54.0,54.44,5411.0
F02859,raw milk of sheep,677.0,32.7977,38.0,49.92,2020.0
F02860,barley,1663.2,28.5782,9.0,49.77,1450.0
F02861,raw hides and skins of cattle,229.0,23.3913,24.0,16.2,6194.0
F02862,taro,7124.9,31.2119,3.0,42.81,6140.0
F02863,melonseed,653.5,30.2016,2.0,32.44,4200.0
F02864,tallowtree seeds,2470.4,24.4159,18.0,32.02,5970.0
F02865,dates,2747.1,30.3372,4.0,38.71,2552.0
F02866,carrot,5894.6,29.1483,22.0,28.73,2250.0
F02867,jute raw or retted,2562.9,19.4462,22.0,30.96,2410.0
F02868,cantaloupes and other melons,12864.1,29.0316,4.0,13.9,5418.0
F02869,orange,87798.7,15.6321,23.0,55.66,2845.0
F02870,mango,10000.0,27.553,14.0,64.98,4600.0
F02871,mungbean,59222.7,28.609,2.0,38.75,4891.0
F02872,other vegetables fresh n e c,9856.3,28.1746,23.0,10.9,5450.0
F02873,potatoes,16985.8,30.7646,50.0,17.23,3200.0
F02874,pears,7568.7,24.8637,22.0,30.78,1220.0
F02875,pulses total,765.4,25.7945,4.0,26.28,6125.0
F02876,pomelos and grapefruits,14898.6,23.6,8.0,27.08,4241.0
F02877,mangoes guavas and mangosteens,7122.2,29.3695,26.0,21.29,4000.0
F02878,eggplants,28766.7,26.8153,13.0,55.39,5415.0
F02879,olives,900.6,41.1866,2.0,53.87,8410.0
F02880,apple,13698.9,22.4431,2.0,25.2,7530.0
F02881,green garlic,5209.8,27.6852,13.0,58.59,570.0
F02882,eggs from other birds in shell fresh n e c,36.0,21.4528,26.0,61.87,715.0
F02883,locust beans,2113.0,22.7708,9.0,34.14,1900.0
F02884,coconuts in shell,1312.8,24.7463,20.0,11.49,2580.0
F02885,mothbeans,1198.9,28.568,7.0,22.12,5000.0
F02886,oats,1444.4,23.593,66.0,68.45,6575.0
F02887,raw hides and skins of goats or kids,44.0,25.7267,10.0,36.36,2404.0
F02888,sweet potatoes,10284.9,18.0514,2.0,51.8,2280.0
F02889,cloves raw,236.0,26.3105,5.0,57.37,3845.0
F02890,spinach,20648.3,22.0858,36.0,13.28,2580.0
F02891,almonds in shell,3208.2,33.3614,25.0,66.16,5640.0
F02892,peppermint spearmint,16518.3,27.7632,11.0,44.41,14000.0
F02893,sesame seed,202.9,24.3263,23.0,53.07,1570.0
F02894,wheat,1215.8,22.0846,9.0,59.75,2970.0
F02895,gooseberries,5200.7,25.2041,13.0,65.79,7426.0
F02896,oats,2255.7,27.9624,5.0,58.11,3850.0
F02897,kidneybeans,2351.0,21.5934,8.0,25.25,4000.0
F02898,plantains and cooking bananas,782.2,28.0591,16.0,23.67,5000.0
F02899,mango,996.1,35.6363,5.0,19.69,2350.0
F02900,melonseed,140.1,26.4529,27.0,24.84,6430.0
F02901,other sugar crops n e c,11329.7,23.2808,2.0,10.03,6150.0
F02902,sugar cane,72572.7,23.2493,10.0,19.54,2627.0
F02903,millet,671.2,26.8194,20.0,57.42,4892.0
F02904,potatoes,22651.6,23.5265,6.0,19.91,5400.0
F02905,cashew nuts in shell,418.6,24.873,6.0,21.58,5827.0
F02906,sesame seed,518.7,26.128,22.0,69.62,7784.0
F02907,chillies and peppers green,20638.9,25.331,2.0,12.02,2516.0
F02908,raw milk of camel,3984.0,26.5084,3.0,11.09,2300.0
F02909,cucumbers and gherkins,14858.3,28.3333,18.0,53.87,1560.0
F02910,watermelon,49543.2,26.2752,38.0,28.12,25400.0
F02911,anise badian coriander cumin caraway fennel and juniper berries raw,3144.5,20.1914,2.0,65.65,2160.0
F02912,hazelnuts in shell,914.9,28.8321,12.0,31.09,13300.0
F02913,other sugar crops n e c,13099.4,28.7527,8.0,48.04,6415.0
F02914,grape,15532.4,11.7976,27.0,55.74,5700.0
F02915,cashewapple,5315.3,29.8407,38.0,49.33,4300.0
F02916,sugar crops primary,58094.7,18.0503,5.0,37.37,5805.0
F02917,chickpea,84660.0,20.6277,50.0,15.49,28000.0
F02918,mungbean,9994.3,27.0147,3.0,42.73,5000.0
F02919,cocoa beans,470.4,24.1318,11.0,28.42,2451.0
F02920,other tropical fruits n e c,4849.1,42.1347,5.0,18.59,2130.0
F02921,millet,1238.1,18.7265,27.0,51.17,7300.0
F02922,cinnamon and cinnamon tree flowers raw,357.2,24.6774,22.0,64.92,10400.0
F02923,coconuts in shell,9129.4,23.1579,3.0,57.96,4180.0
F02924,onions and shallots dry,28135.8,30.9969,2.0,56.62,5000.0
F02925,raw milk of sheep,260.0,17.1701,2.0,38.61,4175.0
F02926,raw hides and skins of cattle,220.0,17.485,2.0,69.64,1180.0
F02927,chickpea,1336.4,18.3695,56.0,49.31,2700.0
F02928,pepper raw,10142.7,26.1387,17.0,58.57,1950.0
F02929,mungbean,51285.7,28.3629,23.0,66.16,2552.0
F02930,figs,1038.0,19.1629,2.0,24.2,2040.0
F02931,unmanufactured tobacco,1651.1,27.5149,52.0,22.74,3850.0
F02932,green gram,3212.5,27.2904,4.0,11.56,6100.0
F02933,peaches and nectarines,3354.7,21.7248,24.0,61.11,4770.0
F02934,yautia,11748.0,29.6505,11.0,40.37,2350.0
F02935,plantains and cooking bananas,3487.2,24.0668,6.0,66.08,8900.0
F02936,blueberries,7289.9,27.9497,120.0,10.33,6850.0
F02937,wheat,2526.5,22.0461,28.0,13.92,2799.0
F02938,chillies and peppers green,20176.8,25.058,8.0,25.36,3000.0
F02939,mixed grain,1851.9,23.1265,23.0,62.4,3050.0
F02940,tung nuts,890.7,32.1775,7.0,50.43,1075.0
F02941,carrot,6615.4,24.9704,28.0,65.5,1350.0
F02942,fibre crops fibre equivalent,792.6,27.5644,104.0,22.04,1708.0
F02943,plantains and cooking bananas,1927.5,17.9278,2.0,32.67,3975.0
F02944,plums and sloes,16640.1,27.6726,40.0,35.95,1800.0
F02945,raw milk of buffalo,11704.0,43.302,9.0,42.54,8280.0
F02946,other tropical fruits n e c,6106.9,35.0936,5.0,10.27,5400.0
F02947,pyrethrum dried flowers,415.1,22.2753,2.0,33.27,7201.0
F02948,cantaloupes and other melons,52000.0,27.3222,16.0,43.24,4100.0
F02949,carrots and turnips,59062.3,29.7842,24.0,46.86,2540.0
F02950,coffee,16484.1,26.1388,6.0,22.02,3475.0
F02951,broad beans and horse beans dry,500.0,24.3556,11.0,47.56,21000.0
F02952,flax raw or retted,895.3,33.4127,36.0,65.45,4900.0
F02953,other pome fruits,7321.8,22.484,6.0,42.46,7210.0
F02954,taro,5787.6,19.5432,22.0,38.86,7155.0
F02955,other nuts in shell n e c,1406.2,26.1438,2.0,67.38,4300.0
F02956,edible roots and tubers with high starch or inulin content n e c fresh,6732.2,35.7878,66.0,53.21,1705.0
F02957,raw hides and skins of sheep or lambs,40.0,21.4912,23.0,10.25,2480.0
F02958,pomelos and grapefruits,8378.3,27.0767,4.0,39.36,10080.0
F02959,yautia,10469.1,25.6274,27.0,48.75,4200.0
F02960,milk total,20999.0,29.7515,2.0,54.31,2440.0
F02961,ramie raw or retted,3919.6,27.322,26.0,29.18,5500.0
F02962,almonds in shell,740.4,27.2743,22.0,11.3,3032.0
F02963,sisal raw,701.8,34.1772,2.0,61.48,7200.0
F02964,other oil seeds n e c,1714.6,20.2802,2.0,26.5,5800.0
F02965,cauliflowers and broccoli,38858.0,32.6113,40.0,51.8,2575.0
F02966,chillies and peppers dry raw,782.9,26.6635,11.0,26.84,2370.0
F02967,cashew nuts in shell,663.7,27.5359,2.0,12.55,4111.0
F02968,sisal raw,934.1,28.6546,11.0,36.49,7250.0
F02969,mixed grain,2993.3,22.3187,28.0,49.35,6800.0
F02970,vetches,287.7,34.0368,5.0,15.09,2155.0
F02971,garlic,591.5,31.7505,27.0,28.64,6000.0
F02972,garlic,42030.9,24.8891,32.0,47.6,3300.0
F02973,lupins,1593.7,22.8833,3.0,49.41,8020.0
F02974,pistachios in shell,2719.0,28.7527,16.0,23.3,6080.0
F02975,safflower seed,719.1,26.4911,14.0,60.3,2400.0
F02976,yams,16607.3,33.3698,2.0,37.83,4258.0
F02977,sugar beet,30611.4,23.3591,2.0,25.64,6400.0
F02978,sugar beet,48967.5,23.0866,11.0,39.41,670.0
F02979,triticale,1994.8,25.6097,9.0,11.19,9000.0
F02980,true hemp raw or retted,5170.2,22.9135,4.0,48.0,5850.0
F02981,olives,6272.2,26.0224,9.0,56.92,4750.0
F02982,raw milk of sheep,704.0,25.6659,120.0,55.3,5600.0
F02983,other pulses n e c,867.6,18.7593,30.0,65.45,45040.0
F02984,millet,706.5,28.8958,6.0,48.89,800.0
F02985,cucumbers and gherkins,46094.7,24.147,18.0,14.27,3500.0
F02986,raspberries,13289.2,24.8824,3.0,39.34,4300.0
F02987,currants,3840.0,29.1705,28.0,16.14,2400.0
F02988,cocoa beans,469.5,26.7172,2.0,39.05,3400.0
F02989,currants,5806.5,31.1105,4.0,46.19,2330.0
F02990,rape or colza seed,1330.0,35.3288,3.0,54.88,2800.0
F02991,green corn,9757.0,25.6658,23.0,28.73,5195.0
F02992,eggplants,74396.9,31.4845,20.0,18.29,2798.0
F02993,other vegetables fresh n e c,11209.7,25.5496,54.0,49.52,2161.0
F02994,agave fibres raw n e c,597.4,23.0895,18.0,26.33,6800.0
F02995,plantains and cooking bananas,20713.0,21.1401,4.0,60.86,6880.0
F02996,lentils dry,1467.8,20.1099,38.0,54.31,6247.0
F02997,other sugar crops n e c,7194.5,29.5875,68.0,12.45,2200.0
F02998,lettuce and chicory,18309.2,26.723,16.0,67.35,1500.0
F02999,kidneybeans,8000.0,19.6347,48.0,58.51,4065.0
F03000,other tropical fruits n e c,1249.9,24.1219,12.0,36.8,2715.0
F03001,quinoa,1803.3,26.2603,6.0,61.59,2833.0
F03002,coffee green,547.3,24.3277,10.0,38.2,3990.0
F03003,barley,4039.8,32.8632,12.0,24.8,3161.0
F03004,karite nuts,1731.2,29.1431,2.0,66.81,7835.0
F03005,muskmelon,9775.0,29.1705,144.0,39.32,2700.0
F03006,other fibre crops raw n e c,10766.5,23.5001,16.0,24.69,4700.0
F03007,other stimulant spice and aromatic crops n e c,995.9,26.2831,18.0,37.16,3011.0
F03008,ginger,3801.3,23.2024,24.0,69.93,4040.0
F03009,sunflower seed,2490.4,19.6783,4.0,31.13,9150.0
F03010,edible roots and tubers with high starch or inulin content n e c fresh,13770.2,24.8062,38.0,66.38,5500.0
F03011,soybean,4790.7,26.1793,21.0,11.43,4260.0
F03012,garlic,1026.0,18.0514,2.0,27.48,21501.0
F03013,wheat,2546.5,18.3156,6.0,22.76,2760.0
F03014,cocoa beans,400.0,40.0044,66.0,28.21,4201.0
F03015,nutmeg mace cardamoms raw,402.0,20.2777,5.0,42.84,1970.0
F03016,ginger,1084.0,29.6673,44.0,31.0,88040.0
F03017,raw hides and skins of buffaloes,315.0,24.9036,10.0,47.71,900.0
F03018,beans dry,1911.0,16.4334,38.0,26.24,7500.0
F03019,pomelos and grapefruits,11052.7,24.4911,12.0,39.26,2399.0
F03020,gur,2882.4,20.4168,26.0,12.21,3543.0
F03021,cranberries,24214.2,25.764,5.0,20.49,2150.0
F03022,green gram,47143.2,25.7629,3.0,37.06,6800.0
F03023,cassava leaves,10000.0,26.1388,3.0,59.84,7140.0
F03024,brinjal,4800.0,17.3349,2.0,52.47,910.0
F03025,apricots,2846.8,27.8242,18.0,10.33,3105.0
F03026,cassava leaves,10000.0,29.9435,18.0,25.8,840.0
F03027,banana,6762.8,26.3354,34.0,11.8,2700.0
F03028,almonds in shell,1427.2,25.9495,22.0,18.41,2454.0
F03029,cashew nuts in shell,1091.4,31.8521,11.0,28.51,3950.0
F03030,sugar cane,35352.2,25.0087,6.0,68.79,8440.0
F03031,oil palm fruit,13922.6,24.2161,10.0,68.06,10400.0
F03032,lupins,1116.6,28.5782,4.0,42.81,7650.0
F03033,vanilla raw,275.3,23.3961,4.0,42.63,18240.0
F03034,tung nuts,2638.5,21.8117,46.0,48.67,2565.0
F03035,tallowtree seeds,2470.4,25.832,7.0,64.72,3080.0
F03036,other fruits n e c,4293.0,25.1901,24.0,67.71,6720.0
F03037,mungbean,30.0,28.8808,15.0,43.56,2901.0
F03038,bhindi,3350.2,29.1938,14.0,10.06,3200.0
F03039,peas green,6224.4,20.5134,2.0,21.82,2221.0
F03040,chickpea,638.4,19.371,24.0,26.72,2575.0
F03041,other fruits n e c,5112.0,27.5591,26.0,65.68,2775.0
F03042,cereals primary,5501.9,41.1866,5.0,33.92,8050.0
F03043,locust beans,2118.1,31.8521,9.0,56.92,6830.0
F03044,melonseed,364.9,22.491,4.0,66.95,9500.0
F03045,persimmons,3484.6,28.5701,7.0,27.75,2265.0
F03046,linseed,1360.6,28.7649,10.0,54.13,4713.0
F03047,raw hides and skins of sheep or lambs,28.0,29.8733,8.0,51.61,2210.0
F03048,agave fibres raw n e c,414.4,30.285,2.0,16.2,2730.0
F03049,oats,3013.0,31.5336,2.0,34.25,2815.0
F03050,pears,12894.7,27.4585,104.0,10.18,1050.0
F03051,orange,38225.3,10.0108,2.0,50.53,2645.0
F03052,bambara beans dry,383.7,27.6852,2.0,62.6,3020.0
F03053,sugar crops primary,50682.0,32.238,10.0,24.17,5678.0
F03054,quinces,6963.1,25.4079,6.0,37.11,2425.0
F03055,carrot,22263.8,34.3733,6.0,38.52,1285.0
F03056,cocoa beans,296.8,24.4435,56.0,19.86,835.0
F03057,mungbean,5437.2,27.9303,68.0,45.47,1220.0
F03058,hempseed,472.9,26.8153,10.0,44.04,8940.0
F03059,mangoes guavas and mangosteens,35465.4,23.3572,28.0,54.13,4291.0
F03060,eggplants,18351.5,28.2851,4.0,20.82,8800.0
F03061,pigeonpeas,3489.7,20.8934,5.0,28.0,5350.0
F03062,pistachios in shell,811.0,42.3941,14.0,34.01,4190.0
F03063,kapok fruit,1619.0,28.6956,66.0,43.41,4500.0
F03064,chicory roots,5872.8,35.2146,48.0,23.32,6469.0
F03065,onions and shallots green,21042.7,22.7786,14.0,42.06,7450.0
F03066,chick peas dry,904.7,28.6546,5.0,23.31,4100.0
F03067,oilcrops oil equivalent,964.7,27.8403,2.0,63.36,2245.0
F03068,orange,7395.5,30.2558,2.0,46.19,6125.0
F03069,orange,11632.1,22.3551,24.0,34.52,7241.0
F03070,other stimulant spice and aromatic crops n e c,1098.2,24.3712,19.0,17.25,4800.0
F03071,hop cones,1714.3,21.1934,4.0,20.43,4185.0
F03072,karite nuts,4384.1,23.5794,23.0,55.64,2000.0
F03073,pears,10794.4,24.164,18.0,36.1,2640.0
F03074,lentils dry,579.1,28.385,26.0,32.89,8540.0
F03075,raw hides and skins of cattle,188.0,25.3422,32.0,62.21,5400.0
F03076,bambara beans dry,691.7,24.7125,16.0,68.94,6341.0
F03077,edible roots and tubers with high starch or inulin content n e c fresh,6641.1,22.9236,4.0,47.11,3609.0
F03078,eggs from other birds in shell fresh n e c,167.0,32.3952,23.0,41.5,2238.0
F03079,mothbeans,7042.7,27.1051,9.0,16.29,5700.0
F03080,oilcrops cake equivalent,910.9,25.949,2.0,64.34,6011.0
F03081,cherries,6464.1,23.5265,8.0,23.52,2700.0
F03082,roots and tubers total,15377.8,28.2349,8.0,11.7,5700.0
F03083,pyrethrum dried flowers,443.4,22.4605,11.0,69.62,3000.0
F03084,natural rubber in primary forms,915.5,20.4508,5.0,28.35,3925.0
F03085,fonio,742.9,28.6141,4.0,41.16,6375.0
F03086,raspberries,2750.0,23.8974,8.0,53.24,2250.0
F03087,cauliflower,13347.6,24.7463,13.0,54.04,860.0
F03088,peaches and nectarines,11825.1,41.3133,44.0,49.94,7100.0
F03089,cranberries,2013.0,22.6305,14.0,17.13,2150.0
F03090,sugar cane,68743.4,30.0263,16.0,48.05,5800.0
F03091,cauliflowers and broccoli,20386.1,31.4845,26.0,48.62,12375.0
F03092,chickpea,709.7,17.2577,68.0,24.69,5611.0
F03093,poppy seed,730.8,17.025,13.0,35.1,2500.0
F03094,abaca manila hemp raw,154.7,23.502,13.0,37.53,4600.0
F03095,fruit primary,12384.4,23.2862,52.0,66.47,2405.0
F03096,garlic,1625.1,28.0094,10.0,20.0,11450.0
F03097,broad beans and horse beans dry,2021.2,26.4231,4.0,14.01,4325.0
F03098,cranberries,2730.2,21.1148,2.0,65.48,6000.0
F03099,orange,38259.7,30.7212,2.0,48.19,5500.0
F03100,pyrethrum dried flowers,424.9,24.164,8.0,30.73,1630.0
F03101,papayas,343671.0,23.4382,2.0,18.79,2440.0
F03102,raw milk of sheep,457.0,25.0835,50.0,23.3,4750.0
F03103,pigeonpeas,2776.3,19.5431,10.0,47.85,1700.0
F03104,carrots and turnips,21099.0,30.9969,8.0,15.44,11200.0
F03105,pyrethrum dried flowers,258.6,33.6477,18.0,18.49,2460.0
F03106,fonio,646.2,29.3459,6.0,20.74,6260.0
F03107,raw milk of cattle,28199.0,21.5416,6.0,33.45,5655.0
F03108,peppermint spearmint,3015.8,27.7458,10.0,22.27,4920.0
F03109,chicory roots,39835.8,26.5272,18.0,32.68,7000.0
F03110,locust beans,2283.0,23.4626,16.0,11.61,6185.0
F03111,chillies and peppers green,10206.6,22.3651,23.0,29.43,6490.0
F03112,cow peas dry,605.5,18.2541,98.0,24.05,3001.0
F03113,garlic,12929.5,19.2889,20.0,41.49,19775.0
F03114,hop cones,1737.2,18.9803,3.0,59.13,8650.0
F03115,cotton,7483.2,24.4385,14.0,40.61,7190.0
F03116,raw milk of goats,1086.0,21.1985,2.0,47.74,2151.0
F03117,sugar cane,57361.9,20.7695,9.0,20.11,6212.0
F03118,hen eggs in shell fresh,38636.0,25.2041,4.0,28.62,6171.0
F03119,potatoes,15000.0,27.8133,2.0,21.55,5300.0
F03120,barley,2679.7,34.1644,14.0,35.16,2480.0
F03121,soybean,523.7,29.3238,2.0,45.41,3720.0
F03122,chickpea,38614.7,20.1187,2.0,57.84,1630.0
F03123,raspberries,7328.5,22.4359,44.0,33.47,7056.0
F03124,ramie raw or retted,941.2,31.4845,7.0,10.2,1470.0
F03125,sisal raw,315.5,29.0938,9.0,17.11,2458.0
F03126,sisal raw,194.5,29.8785,6.0,19.19,2083.0
F03127,other tropical fruits n e c,3568.6,24.6368,2.0,26.86,1750.0
F03128,other nuts in shell n e c,747.8,25.2653,8.0,11.52,1825.0
F03129,citrus fruit total,2116.1,25.9924,8.0,65.46,4350.0
F03130,lettuce and chicory,41165.0,24.9108,4.0,23.66,7500.0
F03131,cocoa beans,483.3,25.8682,4.0,62.17,1140.0
F03132,anise badian coriander cumin caraway fennel and juniper berries raw,1041.2,22.5666,14.0,16.32,3335.0
F03133,eggs primary,38415.0,19.6365,2.0,56.19,7800.0
F03134,broad beans and horse beans green,7328.2,28.5474,20.0,17.85,5475.0
F03135,cucumbers and gherkins,31736.8,31.0978,68.0,25.31,2535.0
F03136,mustard,106063.0,25.3147,6.0,40.77,5765.0
F03137,pomelos and grapefruits,15137.6,22.608,68.0,13.03,2065.0
F03138,chicory roots,8141.7,24.8395,5.0,54.97,5305.0
F03139,apricots,7449.8,22.9945,50.0,53.07,5891.0
F03140,cranberries,2013.0,23.986,20.0,23.16,4001.0
F03141,sunflower seed,2063.4,28.9636,4.0,41.49,2052.0
F03142,raw milk of buffalo,10379.0,23.3704,8.0,53.57,2305.0
F03143,other stimulant spice and aromatic crops n e c,601.7,27.2537,14.0,12.26,2200.0
F03144,cereals primary,3523.7,28.0295,4.0,40.06,2200.0
F03145,nutmeg mace cardamoms raw,369.8,29.9435,4.0,43.98,6069.0
F03146,rye,3090.1,23.1741,24.0,65.95,5350.0
F03147,cranberries,6502.6,23.0897,40.0,37.04,7500.0
F03148,bambara beans dry,691.7,25.099,30.0,42.54,3250.0
F03149,garlic,224.2,25.9795,4.0,29.97,2223.0
F03150,lupins,392.0,27.3296,4.0,69.03,3500.0
F03151,tung nuts,4307.8,10.0108,22.0,23.77,5554.0
F03152,cotton,9324.7,25.6896,10.0,52.9,7062.0
F03153,sisal raw,750.0,20.1257,44.0,40.63,7300.0
F03154,mango,652.3,35.6363,4.0,54.93,5000.0
F03155,mat leaves,4200.0,30.9023,4.0,12.94,4181.0
F03156,coconuts in shell,3952.1,31.7018,14.0,22.67,4300.0
F03157,potatoes,6027.5,29.7918,23.0,30.02,4425.0
F03158,coconut,298.2,29.1803,10.0,63.11,5500.0
F03159,asparagus,4099.0,28.0538,28.0,34.08,3040.0
F03160,sisal raw,195.4,34.7241,16.0,60.14,7500.0
F03161,other oil seeds n e c,1554.9,31.2718,5.0,47.52,4895.0
F03162,coconuts in shell,3261.7,25.3476,2.0,38.51,6550.0
F03163,lemons and limes,12445.2,27.7182,2.0,43.81,9075.0
F03164,mustard seed,560.1,26.6395,12.0,29.68,1500.0
F03165,bajra,15.0,24.173,13.0,23.88,2710.0
F03166,broad beans and horse beans dry,1485.8,29.0296,10.0,20.13,900.0
F03167,chilli,8880.6,41.656,2.0,48.79,2865.0
F03168,coconuts in shell,4132.1,24.1308,7.0,32.88,1650.0
F03169,tallowtree seeds,2470.4,29.0663,30.0,24.52,6040.0
F03170,chicory roots,8141.7,19.8671,11.0,26.02,3070.0
F03171,treenuts total,473.4,31.0856,21.0,36.03,3715.0
F03172,tangerines mandarins clementines,10343.0,28.6291,2.0,67.61,8200.0
F03173,other tropical fruits n e c,6323.2,21.0525,10.0,56.05,4350.0
F03174,mat leaves,4200.0,27.2743,23.0,34.27,4285.0
F03175,rice,3118.9,20.0837,3.0,56.84,2800.0
F03176,chillies and peppers dry raw,4708.1,29.1071,11.0,62.02,1850.0
F03177,kenaf and other textile bast fibres raw or retted,526.7,31.4651,14.0,64.89,2190.0
F03178,raw milk of cattle,78611.0,24.8385,3.0,43.09,7800.0
F03179,raw milk of cattle,9371.0,41.656,104.0,54.17,4421.0
F03180,bajra,2300.0,26.2507,12.0,63.38,2190.0
F03181,plums and sloes,5443.6,18.4741,34.0,31.78,2540.0
F03182,cotton,2419.3,25.5504,7.0,35.53,7000.0
F03183,yautia,14611.1,23.6056,12.0,15.64,7421.0
F03184,chick peas dry,862.2,29.7871,2.0,68.07,2000.0
F03185,wheat,2862.4,26.6507,7.0,16.83,2790.0
F03186,raw hides and skins of goats or kids,27.0,29.0959,2.0,40.01,3000.0
F03187,other sugar crops n e c,11329.7,24.9588,2.0,44.48,4800.0
F03188,pistachios in shell,3612.8,20.9498,6.0,43.07,5388.0
F03189,canary seed,2673.5,28.6363,6.0,25.77,8525.0
F03190,papaya,16228.6,38.7322,10.0,68.23,6880.0
F03191,gooseberries,7539.0,24.6129,2.0,21.58,2150.0
F03192,cucumbers and gherkins,10052.9,34.9317,12.0,69.74,6000.0
F03193,raw milk of camel,6734.0,24.7224,9.0,51.46,4075.0
F03194,green gram,24438.5,24.5278,2.0,45.99,7440.0
F03195,figs,7966.9,28.4744,9.0,48.3,11000.0
F03196,fruit primary,14145.3,25.0756,2.0,29.1,24000.0
F03197,lettuce and chicory,20114.2,25.5368,11.0,45.04,5736.0
F03198,kiwi fruit,11884.0,24.2174,23.0,57.63,3037.0
F03199,jojoba seeds,470.8,25.5436,6.0,19.27,10175.0
F03200,yams,10787.6,20.3672,10.0,23.46,6100.0
F03201,hempseed,1190.5,20.4352,2.0,48.23,15700.0
F03202,pomegranate,264.0,24.147,14.0,53.67,4015.0
F03203,other pome fruits,3864.2,24.3212,23.0,17.2,5205.0
F03204,cotton,1477.3,24.1859,2.0,65.38,6600.0
F03205,hop cones,1189.3,24.1219,6.0,52.19,2723.0
F03206,sugar beet,33333.3,31.129,7.0,51.75,5900.0
F03207,cabbage,46.0,18.1471,5.0,61.91,1554.0
F03208,lettuce and chicory,15185.9,31.0127,11.0,57.7,2545.0
F03209,rye,3573.0,25.2878,2.0,66.05,940.0
F03210,string beans,25278.0,24.4023,40.0,41.77,5000.0
F03211,ginger raw,4711.4,23.0528,48.0,47.36,6410.0
F03212,quinces,9158.8,25.3547,16.0,52.13,319.0
F03213,pigeonpeas,23.0,18.3191,13.0,35.8,5700.0
F03214,coffee green,525.3,28.941,46.0,49.16,2300.0
F03215,cauliflowers and broccoli,32614.0,33.4127,6.0,36.72,2452.0
F03216,raw milk of sheep,1283.0,27.2371,9.0,43.47,1550.0
F03217,green garlic,10238.6,20.6753,4.0,53.76,9000.0
F03218,fonio,645.2,17.4891,26.0,16.54,2185.0
F03219,hop cones,1636.1,23.4382,21.0,42.35,5772.0
F03220,mixed grain,4919.6,38.5895,2.0,35.69,14765.0
F03221,bajra,4123.7,23.9091,22.0,69.51,2397.0
F03222,cantaloupes and other melons,14722.8,27.322,28.0,36.78,4065.0
F03223,other citrus fruit n e c,2224.6,23.2632,36.0,45.63,6500.0
F03224,lentils dry,833.1,21.4761,26.0,63.41,1790.0
F03225,onions and shallots dry,64334.5,23.4799,28.0,21.32,4250.0
F03226,bambara beans dry,1050.8,27.8477,6.0,12.71,5968.0
F03227,brinjal,11417.5,24.1859,14.0,35.74,1632.0
F03228,edible roots and tubers with high starch or inulin content n e c fresh,8547.5,23.8494,7.0,24.06,20000.0
F03229,eggplants,12451.5,23.9865,9.0,10.13,1772.0
F03230,jowar,1338.7,23.1886,84.0,21.36,3525.0
F03231,safflower seed,1000.0,25.5504,132.0,19.18,6825.0
F03232,quinoa,327.7,19.4534,9.0,31.68,4875.0
F03233,kapok fruit,1619.0,28.3472,4.0,64.34,2150.0
F03234,agave fibres raw n e c,956.0,20.7677,44.0,20.02,3650.0
F03235,raspberries,9432.9,22.1345,12.0,66.45,2551.0
F03236,sugar crops primary,67655.8,33.3698,27.0,40.97,2000.0
F03237,raw hides and skins of sheep or lambs,31.0,25.5074,21.0,22.13,4250.0
F03238,cauliflower,1984.8,18.4116,4.0,15.81,1200.0
F03239,rape or colza seed,1801.1,13.4299,11.0,48.13,5500.0
F03240,peas green,4262.6,43.0371,2.0,56.27,6685.0
F03241,hop cones,1548.8,17.2239,5.0,19.1,2625.0
F03242,watermelon,48257.2,25.8648,46.0,61.69,1800.0
F03243,broad beans and horse beans dry,3667.5,10.7869,6.0,21.92,2900.0
F03244,other vegetables fresh n e c,4439.7,23.2411,13.0,19.7,3710.0
F03245,sisal raw,727.3,17.9165,7.0,56.6,4280.0
F03246,beans dry,634.7,26.4233,6.0,59.93,1920.0
F03247,groundnut,862.9,27.7803,16.0,62.74,5100.0
F03248,eggs primary,125942.0,27.6275,48.0,14.74,16000.0
F03249,lettuce and chicory,13560.7,24.8891,4.0,30.13,2325.0
F03250,pyrethrum dried flowers,1000.0,27.1103,23.0,23.85,30000.0
F03251,other berries and fruits of the genus vaccinium n e c,3936.3,18.153,8.0,23.81,6415.0
F03252,oilcrops oil equivalent,270.1,23.1281,40.0,30.63,6450.0
F03253,lentils dry,1122.8,31.8574,52.0,30.24,6245.0
F03254,beans dry,761.4,25.0687,32.0,35.41,6672.0
F03255,rye,3479.7,19.3251,2.0,19.41,3725.0
F03256,linseed,1034.7,42.8461,36.0,53.44,2850.0
F03257,sisal raw,549.1,18.7483,6.0,21.05,6250.0
F03258,chestnuts in shell,1163.4,28.568,2.0,65.4,49540.0
F03259,raspberries,21226.2,27.5149,6.0,13.17,2500.0
F03260,rice,3538.1,25.1575,3.0,11.51,3650.0
F03261,nutmeg mace cardamoms raw,286.4,25.0076,52.0,57.75,4487.0
F03262,karite nuts,1731.2,26.8437,11.0,58.77,3760.0
F03263,rape or colza seed,2052.3,26.2885,11.0,47.07,2150.0
F03264,sunflower seed,1491.0,25.2871,6.0,18.12,5110.0
F03265,rye,2259.3,19.5432,13.0,49.02,1600.0
F03266,jute,913.1,26.5233,30.0,33.75,1928.0
F03267,buckwheat,1123.9,12.087,7.0,20.19,5400.0
F03268,raw milk of goats,621.0,20.5734,52.0,26.72,1560.0
F03269,cantaloupes and other melons,32821.8,43.0371,6.0,10.66,2440.0
F03270,coffee,452632.0,26.5603,2.0,57.89,6470.0
F03271,arhar,21814.3,31.7045,33.0,39.41,6650.0
F03272,vegetables primary,5096.8,17.3415,24.0,63.28,5900.0
F03273,other sugar crops n e c,11329.7,23.6734,22.0,40.51,1869.0
F03274,pigeon peas dry,2233.3,41.3611,32.0,57.77,5950.0
F03275,green corn,4717.9,25.5657,2.0,37.82,2170.0
F03276,onions and shallots green,10877.8,24.7463,60.0,66.02,1260.0
F03277,edible roots and tubers with high starch or inulin content n e c fresh,11812.4,37.0355,120.0,43.06,5995.0
F03278,raspberries,7666.7,23.3338,18.0,55.82,2200.0
F03279,vetches,3669.0,20.6819,24.0,51.37,2731.0
F03280,eggs primary,121622.0,25.4079,2.0,23.07,1325.0
F03281,quinoa,1345.1,23.6414,2.0,41.11,1150.0
F03282,other oil seeds n e c,883.7,23.1712,4.0,24.75,3500.0
F03283,coffee green,1107.8,25.8976,7.0,47.67,2300.0
F03284,maize,2994.7,24.6129,8.0,40.92,2050.0
F03285,canary seed,679.1,28.947,4.0,46.12,10570.0
F03286,potatoes,6800.0,29.6321,8.0,60.09,5400.0
F03287,ginger raw,4711.4,25.6097,11.0,23.64,3500.0
F03288,kidneybeans,2568.5,20.5734,6.0,33.64,14700.0
F03289,chestnuts in shell,2390.5,28.8786,23.0,43.42,5900.0
F03290,milk total,14014.0,27.0956,6.0,36.43,1950.0
F03291,raw hides and skins of cattle,201.0,23.6412,2.0,47.71,5205.0
F03292,strawberries,2645.6,24.7138,6.0,46.59,3700.0
F03293,sesame seed,700.0,26.5272,24.0,59.64,600.0
F03294,pulses total,1165.3,22.8601,10.0,11.69,5200.0
F03295,bhindi,11972.1,21.6602,9.0,59.6,1013.0
F03296,jute,1977.9,23.7876,24.0,19.32,2110.0
F03297,true hemp raw or retted,1000.0,18.0419,16.0,47.67,920.0
F03298,hen eggs in shell fresh,46121.0,25.949,6.0,24.96,2080.0
F03299,areca nuts,3637.3,27.8835,6.0,35.67,5500.0
F03300,gooseberries,4487.7,28.4357,50.0,40.56,4801.0
F03301,okra,2644.2,20.3672,2.0,31.79,2195.0
F03302,pistachios in shell,376.7,21.0365,9.0,44.26,3300.0
F03303,cereals primary,7291.4,29.0663,18.0,20.22,15765.0
F03304,barley,2314.2,25.2978,30.0,42.52,5090.0
F03305,coconuts in shell,1015.5,27.0445,6.0,15.54,3680.0
F03306,triticale,3364.2,27.0828,2.0,46.87,2100.0
F03307,karite nuts,2510.5,24.3719,26.0,50.17,4330.0
F03308,blueberries,2250.0,27.3296,26.0,67.81,5752.0
F03309,wheat,401.3,28.6984,4.0,24.28,2408.0
F03310,cassava fresh,20255.8,26.2885,2.0,43.72,2985.0
F03311,gooseberries,3786.1,19.727,16.0,64.66,6290.0
F03312,onions and shallots dry,40380.1,27.5855,6.0,25.84,1500.0
F03313,yautia,5794.2,27.9122,38.0,15.89,6441.0
F03314,okra,4189.5,21.4465,38.0,26.2,6820.0
F03315,bambara beans dry,823.6,11.8663,2.0,22.41,1790.0
F03316,buckwheat,500.0,33.1818,6.0,27.37,7701.0
F03317,carrot,1364.9,30.0614,38.0,65.6,2200.0
F03318,true hemp raw or retted,5170.2,24.9008,6.0,62.8,6350.0
F03319,hen eggs in shell fresh,167.0,32.9703,32.0,57.95,6365.0
F03320,bambara beans dry,691.7,27.415,27.0,15.82,14500.0
F03321,lentils dry,208.1,26.3127,7.0,13.23,6374.0
F03322,carrots and turnips,44203.4,28.5042,4.0,50.49,7010.0
F03323,lettuce and chicory,577.1,20.2671,12.0,49.92,3850.0
F03324,hazelnuts in shell,861.9,27.3353,2.0,61.96,9940.0
F03325,carrots and turnips,53571.4,20.0022,38.0,29.43,4020.0
F03326,cassava fresh,25109.2,26.8437,2.0,30.72,4000.0
F03327,pineapples,39461.7,20.6753,24.0,16.35,5850.0
F03328,papaya,3582.9,28.9184,36.0,60.69,5555.0
F03329,coffee,6325.7,26.4529,24.0,10.93,6100.0
F03330,pigeonpeas,6051.0,28.8767,12.0,13.28,2700.0
F03331,pistachios in shell,228.7,23.38,18.0,58.17,30000.0
F03332,strawberries,3997.4,27.8259,2.0,22.06,2310.0
F03333,kapok fruit,1319.5,26.1438,23.0,21.68,1900.0
F03334,other citrus fruit n e c,21298.2,31.9993,26.0,30.57,11710.0
F03335,other berries and fruits of the genus vaccinium n e c,3929.7,27.911,26.0,69.1,6890.0
F03336,other beans green,27070.1,25.6858,3.0,51.29,1500.0
F03337,chick peas dry,1171.7,25.9924,44.0,42.0,6820.0
F03338,abaca manila hemp raw,129.6,28.5855,12.0,59.96,4100.0
F03339,cereals n e c,3294.6,23.4597,6.0,67.58,5350.0
F03340,castor oil seeds,543.5,23.0389,2.0,14.12,650.0
F03341,other pome fruits,1333.3,34.8725,42.0,20.88,4050.0
F03342,broad beans and horse beans green,2563.1,31.6553,13.0,38.05,4862.0
F03343,sugar beet,32334.0,26.8863,11.0,56.92,6535.0
F03344,blackgram,12703.5,34.3733,11.0,13.57,6225.0
F03345,peppermint spearmint,6000.0,18.8796,20.0,61.31,800.0
F03346,soya beans,1145.3,28.5782,90.0,40.63,5901.0
F03347,artichokes,26094.6,26.672,4.0,37.9,5800.0
F03348,triticale,4026.8,38.4192,2.0,49.43,4400.0
F03349,brinjal,7307.1,26.0037,26.0,49.1,1400.0
F03350,pyrethrum dried flowers,637.8,18.4165,14.0,68.25,3980.0
F03351,lupins,667.6,19.5432,48.0,59.74,1360.0
F03352,potatoes,11561.9,21.1934,2.0,40.77,2180.0
F03353,apple,16857.5,23.8812,10.0,51.69,12250.0
F03354,quinces,5359.9,23.4426,16.0,40.42,5165.0
F03355,cinnamon and cinnamon tree flowers raw,357.2,35.3288,12.0,58.08,18400.0
F03356,groundnuts excluding shelled,1043.2,24.1847,14.0,36.69,2015.0
F03357,ginger raw,11479.3,21.9814,32.0,43.78,6500.0
F03358,coffee green,924.8,23.0492,30.0,30.62,5290.0
F03359,watermelon,42889.9,24.9209,13.0,30.81,5270.0
F03360,cabbage,620.3,36.7509,6.0,33.95,4600.0
F03361,dates,7430.3,26.3136,36.0,33.82,7500.0
F03362,leeks and other alliaceous vegetables,15555.6,25.8976,46.0,30.29,2026.0
F03363,other nuts in shell n e c,302.8,28.2048,6.0,56.32,4000.0
F03364,oats,2426.3,22.4725,50.0,40.22,2525.0
F03365,tung nuts,4307.8,31.8685,2.0,65.58,6100.0
F03366,hazelnuts in shell,680.7,22.9639,12.0,42.94,3899.0
F03367,cantaloupes and other melons,15695.8,29.7014,38.0,46.39,5600.0
F03368,vetches,920.4,27.094,82.0,43.15,23400.0
F03369,banana,31733.4,28.5598,2.0,41.85,2350.0
F03370,rye,1921.3,25.9011,16.0,51.25,6165.0
F03371,treenuts total,480.9,24.3018,3.0,65.97,13000.0
F03372,cow peas dry,3717.0,24.6949,4.0,23.21,2610.0
F03373,blackgram,8557.8,29.6789,14.0,47.99,4150.0
F03374,pulses total,578.8,28.9602,12.0,69.16,17000.0
F03375,apple,42847.5,22.9846,2.0,51.14,9000.0
F03376,other beans green,20423.5,21.4245,3.0,67.51,4100.0
F03377,apricots,6890.9,27.3179,10.0,13.43,3990.0
F03378,kenaf and other textile bast fibres raw or retted,1358.1,28.8958,38.0,44.52,1890.0
F03379,wheat,2546.5,27.2646,6.0,18.8,2910.0
F03380,anise badian coriander cumin caraway fennel and juniper berries raw,1366.7,20.5305,6.0,11.27,2225.0
F03381,okra,2372.8,24.1439,19.0,26.2,8600.0
F03382,other pulses n e c,1817.7,23.3913,3.0,57.91,1450.0
F03383,kola nuts,454.8,29.5895,2.0,33.37,5690.0
F03384,other oil seeds n e c,1258.2,41.3133,2.0,15.15,5651.0
F03385,tallowtree seeds,2470.4,28.2247,16.0,53.79,8590.0
F03386,kenaf and other textile bast fibres raw or retted,1022.2,32.7477,11.0,49.89,5550.0
F03387,mixed grain,2865.5,19.5223,15.0,69.09,7850.0
F03388,hempseed,149.8,22.6978,4.0,57.12,2500.0
F03389,grape,18296.6,16.3625,26.0,69.92,3500.0
F03390,peaches and nectarines,17143.3,17.2203,2.0,28.82,20750.0
F03391,leeks and other alliaceous vegetables,18592.5,11.1899,10.0,17.41,2650.0
F03392,abaca manila hemp raw,1305.5,22.5378,120.0,68.54,1600.0
F03393,peaches and nectarines,7871.5,25.6274,82.0,10.2,6229.0
F03394,yams,10304.5,14.78,21.0,43.71,6080.0
F03395,hempseed,1033.6,24.6923,13.0,59.25,3130.0
F03396,cherries,4652.7,29.2491,2.0,53.86,3300.0
F03397,sisal raw,194.5,29.6995,32.0,48.29,2200.0
F03398,mustard,19901.3,20.4666,4.0,23.95,5570.0
F03399,pigeonpeas,1015.7,24.8071,6.0,18.82,2450.0
F03400,cinnamon and cinnamon tree flowers raw,1522.8,23.0492,48.0,23.38,2375.0
F03401,pomegranate,2341.5,19.5413,2.0,66.4,4701.0
F03402,cabbages,34757.1,24.3018,4.0,41.33,844.0
F03403,ginger,24988.3,29.3847,12.0,34.98,3800.0
F03404,pigeon peas dry,3855.4,27.8349,11.0,39.1,1555.0
F03405,olives,2472.3,24.8544,7.0,59.38,4001.0
F03406,rye,2151.9,24.873,23.0,65.79,1980.0
F03407,peppermint spearmint,3687.2,28.8773,54.0,63.57,3875.0
F03408,figs,6195.7,38.4192,23.0,28.99,4395.0
F03409,cinnamon and cinnamon tree flowers raw,244.2,22.5989,10.0,31.08,5380.0
F03410,artichokes,23246.3,25.3624,7.0,58.05,1740.0
F03411,cassava leaves,10000.0,22.4042,3.0,62.09,1280.0
F03412,currants,2563.2,27.0093,36.0,11.25,5850.0
F03413,quinces,7141.4,9.468,68.0,28.46,4160.0
F03414,jowar,900.0,18.2872,10.0,48.47,3070.0
F03415,oil palm fruit,2675.5,27.6726,14.0,54.76,2750.0
F03416,sunflower seed,4017.4,29.246,48.0,61.71,2160.0
F03417,quinoa,327.7,26.709,10.0,19.16,6001.0
F03418,rape or colza seed,1705.8,28.7783,42.0,19.2,4420.0
F03419,figs,17444.2,19.6671,8.0,32.42,6340.0
F03420,areca nuts,980.3,12.7568,2.0,47.56,4150.0
F03421,treenuts total,1705.0,11.8663,2.0,52.85,6388.0
F03422,pomegranate,4787.2,24.3832,6.0,44.83,3839.0
F03423,watermelon,32668.1,26.8437,4.0,59.34,2300.0
F03424,cow peas dry,367.1,26.0303,2.0,31.3,1775.0
F03425,hop cones,4000.0,24.8492,6.0,10.34,6200.0
F03426,bajra,28116.3,28.334,22.0,45.67,2400.0
F03427,almonds in shell,530.7,35.6767,10.0,54.34,1640.0
F03428,raw hides and skins of cattle,199.0,24.9767,17.0,20.59,7000.0
F03429,chillies and peppers green,32312.5,27.7333,4.0,38.62,4230.0
F03430,bhindi,466.2,18.6675,2.0,20.52,1350.0
F03431,cabbages,23584.8,19.386,44.0,22.09,5600.0
F03432,cranberries,18204.5,24.5681,2.0,28.35,5600.0
F03433,yautia,80160.6,22.457,2.0,54.71,5569.0
F03434,taro,6552.5,29.5505,10.0,39.24,2450.0
F03435,melonseed,391.9,23.3384,21.0,13.83,4336.0
F03436,chicory roots,19850.4,23.8083,30.0,65.46,2500.0
F03437,walnuts in shell,1881.1,24.8402,6.0,53.59,2300.0
F03438,orange,13044.7,25.3547,5.0,51.05,2293.0
F03439,unmanufactured tobacco,1572.7,30.9122,24.0,69.17,2305.0
F03440,ginger,3000.0,22.792,10.0,37.03,15000.0
F03441,pistachios in shell,417.7,27.9277,2.0,63.04,785.0
F03442,grape,17755.1,21.7747,2.0,36.9,6500.0
F03443,groundnuts excluding shelled,1256.0,27.5438,46.0,56.12,1700.0
F03444,coffee,8595.0,24.0295,6.0,67.71,1720.0
F03445,other vegetables fresh n e c,6681.2,22.0846,8.0,69.97,5800.0
F03446,sunflower seed,2024.8,26.031,2.0,40.36,2370.0
F03447,kola nuts,283.6,23.1771,13.0,45.46,4800.0
F03448,natural rubber in primary forms,1244.6,8.8257,2.0,40.64,6120.0
F03449,pomegranate,46651.0,19.386,2.0,17.1,4229.0
F03450,broad beans and horse beans green,2857.5,23.1712,27.0,63.39,3400.0
F03451,persimmons,21328.3,31.8936,7.0,11.81,1600.0
F03452,olives,1435.8,41.2073,8.0,20.74,4140.0
F03453,beans dry,1487.8,32.2765,16.0,53.67,2160.0
F03454,fibre crops fibre equivalent,1228.9,21.8013,10.0,62.48,1100.0
F03455,rape or colza seed,3580.0,28.2067,144.0,58.98,7300.0
F03456,hempseed,652.3,19.0794,26.0,45.31,5980.0
F03457,triticale,2348.3,27.6982,4.0,25.82,1985.0
F03458,barley,2430.1,23.8307,13.0,21.87,5650.0
F03459,lupins,1220.6,24.0648,68.0,41.88,14000.0
F03460,kola nuts,289.7,20.3908,2.0,45.91,3000.0
F03461,rice,3627.5,23.979,3.0,17.49,3980.0
F03462,ginger raw,27492.8,32.6616,2.0,68.59,5250.0
F03463,chilli,17235.3,24.9236,2.0,31.23,652.0
F03464,cabbages,16653.3,17.9867,50.0,47.85,4160.0
F03465,broad beans and horse beans green,13256.9,27.3591,6.0,62.03,1450.0
F03466,papaya,24622.4,42.305,10.0,29.29,2560.0
F03467,sugar cane,59661.1,25.0076,21.0,50.24,3890.0
F03468,raw milk of goats,183.0,20.8795,2.0,67.41,4200.0
F03469,mango,4078.8,34.5856,11.0,18.05,9000.0
F03470,chillies and peppers green,22470.3,20.0238,54.0,43.18,3050.0
F03471,tangerines mandarins clementines,15505.5,20.3908,26.0,32.9,20360.0
F03472,tung nuts,2638.5,28.6141,2.0,18.19,2650.0
F03473,sugar crops primary,49816.7,22.6759,8.0,32.15,5629.0
F03474,coffee green,547.3,25.033,4.0,68.47,5360.0
F03475,green garlic,19154.5,29.0525,2.0,46.06,2495.0
F03476,cassava leaves,10000.0,25.5425,8.0,19.0,4088.0
F03477,castor oil seeds,934.3,25.0076,9.0,18.03,4400.0
F03478,raw milk of goats,217.0,22.6371,5.0,37.83,2601.0
F03479,groundnut,333.3,24.43,16.0,19.37,5320.0
F03480,yautia,11657.4,29.8075,2.0,55.01,4500.0
F03481,hen eggs in shell fresh,129149.0,26.8437,68.0,18.86,4400.0
F03482,other pulses n e c,1375.0,32.8396,20.0,16.92,5750.0
F03483,raw milk of buffalo,11704.0,26.7746,2.0,62.45,14600.0
F03484,pepper raw,6653.7,24.9008,15.0,60.57,7611.0
F03485,other tropical fruits n e c,16795.6,18.0514,4.0,59.92,8400.0
F03486,eggs primary,96530.0,24.1859,4.0,53.79,2787.0
F03487,currants,4405.1,22.457,8.0,53.94,4099.0
F03488,sisal raw,768.9,34.5147,20.0,42.43,7470.0
F03489,tea leaves,10969.9,31.4651,2.0,66.18,7250.0
F03490,anise badian coriander cumin caraway fennel and juniper berries raw,1164.6,23.8319,78.0,62.05,2200.0
F03491,cereals n e c,5000.0,23.4319,38.0,46.85,2845.0
F03492,lentils dry,1122.8,34.9466,104.0,32.15,5900.0
F03493,abaca manila hemp raw,600.1,27.5149,16.0,43.91,7675.0
F03494,persimmons,21219.7,31.2402,6.0,39.12,2451.0
F03495,nutmeg mace cardamoms raw,505.7,20.7142,9.0,44.96,12875.0
F03496,pears,7568.7,22.3438,48.0,42.44,4290.0
F03497,sweet potatoes,8524.3,27.4143,36.0,60.44,18710.0
F03498,figs,6020.2,27.1103,5.0,61.39,1750.0
F03499,other citrus fruit n e c,9104.7,12.8,50.0,69.51,3790.0
F03500,other nuts in shell n e c,143.9,23.5265,120.0,47.25,7180.0
F03501,chick peas dry,1796.7,32.8632,4.0,10.45,4290.0
F03502,ginger raw,3360.7,26.128,28.0,23.17,5650.0
F03503,other pome fruits,10000.0,27.5136,13.0,66.63,3603.0
F03504,raw milk of buffalo,11374.0,25.078,7.0,58.01,7420.0
F03505,vanilla raw,166.1,24.9299,28.0,54.49,2500.0
F03506,chillies and peppers green,7665.5,21.9477,26.0,55.38,6720.0
F03507,rice,5285.2,23.4838,21.0,49.79,6212.0
F03508,oil palm fruit,6705.6,26.2409,2.0,54.35,3470.0
F03509,cereals n e c,3891.6,17.8485,5.0,60.44,5468.0
F03510,wheat,3005.4,28.262,5.0,58.14,2568.0
F03511,yautia,13836.9,28.2349,26.0,19.22,2380.0
F03512,tallowtree seeds,2470.4,17.1369,4.0,60.3,1200.0
F03513,plums and sloes,5719.4,27.1314,27.0,64.05,2230.0
F03514,spinach,14198.4,30.5042,16.0,33.9,2820.0
F03515,broad beans and horse beans green,2563.1,19.5922,7.0,55.11,6750.0
F03516,taro,7839.2,21.2543,104.0,34.19,2036.0
F03517,cashewapple,4405.4,27.3337,2.0,38.94,4455.0
F03518,edible roots and tubers with high starch or inulin content n e c fresh,7518.0,22.9821,26.0,42.51,6520.0
F03519,hop cones,2147.0,23.7148,50.0,68.74,11750.0
F03520,treenuts total,1525.5,30.1729,16.0,67.84,2300.0
F03521,mangoes guavas and mangosteens,9724.2,24.8968,2.0,13.55,2820.0
F03522,onions and shallots green,12690.5,26.5836,10.0,45.81,6207.0
F03523,kapok fruit,3645.4,27.1013,4.0,52.34,2820.0
F03524,okra,6763.6,24.5278,19.0,45.76,4000.0
F03525,true hemp raw or retted,5434.0,24.4911,13.0,48.48,5900.0
F03526,cereals primary,1234.6,24.4881,4.0,40.74,9575.0
F03527,potatoes,22230.3,20.8248,82.0,45.82,2636.0
F03528,chicory roots,38378.9,23.0088,2.0,61.02,4500.0
F03529,mangoes guavas and mangosteens,21739.9,26.8844,4.0,20.01,6532.0
F03530,lupins,1847.5,16.0377,2.0,57.84,6705.0
F03531,chestnuts in shell,181.5,27.6982,60.0,24.72,2020.0
F03532,ramie raw or retted,1844.9,24.4023,4.0,12.32,3925.0
F03533,cassava fresh,10532.2,25.2925,16.0,21.99,2980.0
F03534,cashew nuts in shell,289.5,24.7635,12.0,69.66,1550.0
F03535,bajra,3243.4,27.5582,144.0,22.73,1950.0
F03536,carrots and turnips,11748.2,20.1914,20.0,66.72,2409.0
F03537,cashew nuts in shell,4371.6,18.3589,78.0,41.99,8420.0
F03538,other vegetables fresh n e c,8421.2,9.8512,4.0,17.75,5500.0
F03539,lettuce and chicory,23221.3,22.7303,2.0,10.74,2310.0
F03540,leeks and other alliaceous vegetables,24636.7,25.0728,2.0,68.63,2570.0
F03541,plantains and cooking bananas,13836.1,20.9498,16.0,62.31,4000.0
F03542,brinjal,22433.0,24.2385,60.0,38.98,2100.0
F03543,abaca manila hemp raw,1305.5,34.5918,32.0,43.21,2540.0
F03544,mustard seed,3663.4,25.376,8.0,55.57,2825.0
F03545,cereals n e c,3294.6,24.0648,3.0,43.93,4100.0
F03546,maize,10850.9,20.5172,62.0,30.39,2150.0
F03547,cherries,13313.1,32.2694,11.0,14.85,15580.0
F03548,quinces,8341.0,40.1021,6.0,53.13,7000.0
F03549,quinces,5083.0,20.972,3.0,58.78,6290.0
F03550,kola nuts,289.7,29.2638,54.0,36.97,4630.0
F03551,raspberries,4137.5,29.8304,8.0,21.32,1510.0
F03552,papayas,15931.6,21.7042,98.0,30.89,4046.0
F03553,coffee,7866.7,24.9945,2.0,56.7,2200.0
F03554,broad beans and horse beans dry,1912.3,18.4165,48.0,47.07,5500.0
F03555,soya beans,1937.5,19.8936,11.0,55.69,12940.0
F03556,onions and shallots dry,56219.6,28.0722,12.0,52.38,460.0
F03557,coconut,851.0,29.7014,7.0,13.44,5200.0
F03558,bajra,27387.6,17.5863,23.0,50.66,2470.0
F03559,chickpea,12864.1,19.9684,5.0,29.23,2400.0
F03560,jute,60.0,23.7655,24.0,64.76,8000.0
F03561,coconuts in shell,5326.2,34.6455,21.0,53.48,6700.0
F03562,linseed,1486.7,27.4585,5.0,53.7,5460.0
F03563,cabbage,3517.4,25.7218,24.0,56.21,785.0
F03564,dates,13024.3,23.9708,4.0,30.66,1450.0
F03565,chickpea,3223.2,20.2816,7.0,26.69,4400.0
F03566,pulses total,543.9,28.5042,2.0,49.16,1020.0
F03567,vanilla raw,274.7,24.3777,2.0,41.82,1450.0
F03568,cabbages,29517.2,15.3141,9.0,68.34,2890.0
F03569,pepper raw,3830.6,21.032,2.0,56.6,5827.0
F03570,potatoes,2476.2,21.5335,66.0,14.54,2642.0
F03571,mangoes guavas and mangosteens,34408.4,25.4469,2.0,43.05,2790.0
F03572,cranberries,6873.9,26.2377,10.0,53.05,3137.0
F03573,chickpea,857.0,18.5499,68.0,44.24,8725.0
F03574,carrots and turnips,18413.8,21.4465,5.0,37.39,6200.0
F03575,locust beans,2118.1,28.8941,54.0,38.92,4300.0
F03576,oilcrops oil equivalent,340.3,26.2167,7.0,17.88,3975.0
F03577,blueberries,4991.9,32.768,48.0,43.86,6805.0
F03578,pigeonpeas,2195.7,19.2446,2.0,36.01,2755.0
F03579,quinces,11011.6,31.6533,144.0,15.68,2650.0
F03580,pumpkins squash and gourds,6285.7,26.2656,24.0,45.35,1800.0
F03581,barley,2806.4,26.672,14.0,30.05,5300.0
F03582,jute,4095.4,23.174,42.0,12.65,2165.0
F03583,string beans,6907.3,14.9785,28.0,38.02,5901.0
F03584,rape or colza seed,2577.5,42.9361,2.0,45.54,6050.0
F03585,ginger,827.0,19.2009,2.0,37.17,13000.0
F03586,sour cherries,2248.7,25.1682,2.0,44.83,4000.0
F03587,fibre crops fibre equivalent,1971.4,15.3247,11.0,65.1,4781.0
F03588,coconuts in shell,5669.0,21.7238,2.0,40.65,2480.0
F03589,hen eggs in shell fresh,164.0,26.8305,10.0,14.52,4100.0
F03590,bambara beans dry,596.6,26.2453,14.0,21.8,8100.0
F03591,fibre crops fibre equivalent,461.5,26.7953,56.0,12.34,3852.0
F03592,hop cones,2432.2,23.9091,46.0,23.21,4550.0
F03593,cabbages,24333.6,17.2577,30.0,69.39,2475.0
F03594,other tropical fruits n e c,8841.3,29.0842,8.0,30.09,3800.0
F03595,locust beans,2283.0,26.1816,8.0,57.22,5912.0
F03596,kapok fruit,1319.5,23.1426,2.0,22.1,3000.0
F03597,spinach,15330.7,18.7265,15.0,50.59,9750.0
F03598,pepper raw,133.5,32.8873,2.0,67.73,2223.0
F03599,locust beans,2000.0,20.9937,27.0,21.81,1380.0
F03600,mustard,6373.3,25.3547,26.0,30.69,4900.0
F03601,vetches,223.6,33.8635,6.0,59.91,7091.0
F03602,blackgram,33669.1,25.1986,4.0,16.2,4950.0
F03603,milk total,45933.0,25.5162,4.0,27.27,9765.0
F03604,chilli,1866.2,24.9322,11.0,46.05,1770.0
F03605,sweet potatoes,9990.5,29.507,6.0,13.97,7600.0
F03606,sweet potatoes,18388.5,23.8681,68.0,55.76,3727.0
F03607,cabbage,509.9,24.8402,3.0,28.35,3200.0
F03608,soya beans,1666.6,25.8682,11.0,56.68,7250.0
F03609,raw hides and skins of sheep or lambs,47.0,21.1934,24.0,47.7,2780.0
F03610,treenuts total,473.7,22.9639,84.0,63.61,4800.0
F03611,maize,5076.3,20.38,38.0,22.69,2130.0
F03612,treenuts total,8.5,16.1482,23.0,34.44,5800.0
F03613,barley,3685.5,27.7458,16.0,51.13,4500.0
F03614,cocoa beans,313.6,23.3591,10.0,57.52,630.0
F03615,ginger raw,10937.8,34.053,24.0,49.51,2000.0
F03616,peaches and nectarines,12119.2,26.4402,2.0,57.41,2309.0
F03617,millet,940.0,24.215,8.0,43.24,2500.0
F03618,raw milk of sheep,205.0,31.3492,23.0,19.51,6200.0
F03619,oats,1341.4,21.1215,11.0,66.52,2625.0
F03620,ginger raw,34202.1,34.3733,2.0,17.0,2745.0
F03621,oilcrops cake equivalent,452.4,23.4312,23.0,12.61,4181.0
F03622,mixed grain,2000.0,42.5474,18.0,21.81,5421.0
F03623,locust beans,2118.1,32.9703,2.0,10.34,2610.0
F03624,karite nuts,1385.1,18.4931,8.0,51.45,2250.0
F03625,other pulses n e c,360.2,24.1308,26.0,10.48,2660.0
F03626,linseed,1117.3,34.8725,2.0,54.08,2590.0
F03627,other pulses n e c,4386.9,24.4584,3.0,35.54,7615.0
F03628,yautia,12428.8,24.9146,21.0,42.52,5427.0
F03629,coffee green,249.6,25.2871,15.0,36.25,3000.0
F03630,ramie raw or retted,941.2,42.3941,9.0,64.81,5241.0
F03631,watermelon,23173.0,26.6635,12.0,25.25,7000.0
F03632,sugar beet,13151.6,25.4348,24.0,20.15,1800.0
F03633,jute,91929.0,24.4856,13.0,52.27,2500.0
F03634,groundnuts excluding shelled,3970.5,28.5417,16.0,59.94,5540.0
F03635,rye,2958.0,24.6323,5.0,19.6,3990.0
F03636,flax raw or retted,555.9,26.4755,2.0,14.5,7375.0
F03637,cranberries,2188.5,23.8351,48.0,36.54,10000.0
F03638,string beans,9297.3,19.0781,4.0,25.78,2481.0
F03639,kenaf and other textile bast fibres raw or retted,625.5,21.4465,2.0,11.23,6327.0
F03640,linseed,1300.0,11.7976,2.0,41.6,7100.0
F03641,poppy seed,695.8,27.0486,4.0,20.3,5000.0
F03642,leeks and other alliaceous vegetables,28857.1,22.1694,14.0,21.54,2975.0
F03643,sugar cane,113905.9,25.7629,21.0,46.8,2750.0
F03644,other fibre crops raw n e c,105.4,25.8799,16.0,59.7,4341.0
F03645,citrus fruit total,14872.0,30.7646,2.0,13.26,7255.0
F03646,raw hides and skins of cattle,310.0,29.0679,23.0,16.23,6090.0
F03647,chick peas dry,1553.1,28.7993,36.0,12.07,6385.0
F03648,castor oil seeds,214.3,17.6841,2.0,12.69,5791.0
F03649,orange,13267.6,23.0101,2.0,38.69,7000.0
F03650,ginger raw,7439.7,28.5462,4.0,40.0,6850.0
F03651,papayas,10197.1,34.1263,36.0,42.35,3090.0
F03652,agave fibres raw n e c,453.4,19.8134,5.0,37.35,2650.0
F03653,blueberries,4184.1,19.2598,6.0,32.6,1325.0
F03654,cherries,3163.1,23.1069,6.0,60.66,9000.0
F03655,raw milk of cattle,23293.0,28.0032,12.0,25.45,670.0
F03656,cocoa beans,450.7,29.0663,50.0,36.3,7400.0
F03657,coffee green,1331.0,23.6012,2.0,53.38,4151.0
F03658,lettuce and chicory,18309.2,22.7825,2.0,37.53,4100.0
F03659,agave fibres raw n e c,845.6,31.0751,22.0,44.75,5450.0
F03660,chick peas dry,1372.9,19.6242,2.0,13.6,7802.0
F03661,other pome fruits,6742.5,20.7758,9.0,41.68,2330.0
F03662,chick peas dry,1243.1,26.128,66.0,56.6,7450.0
F03663,raw hides and skins of goats or kids,14.0,17.475,9.0,65.82,2568.0
F03664,sour cherries,6668.0,23.3523,4.0,50.36,7000.0
F03665,dates,13024.3,28.5585,4.0,11.83,20680.0
F03666,other tropical fruits n e c,13020.2,29.4774,34.0,32.4,3800.0
F03667,figs,2901.0,25.8671,20.0,55.6,4148.0
F03668,agave fibres raw n e c,690.6,23.7503,16.0,47.64,4425.0
F03669,eggplants,20960.2,22.3125,10.0,35.25,1575.0
F03670,raw hides and skins of cattle,226.0,26.3503,4.0,32.91,5200.0
F03671,arhar,7960.9,28.7401,28.0,16.95,6700.0
F03672,cranberries,2090.8,28.6971,4.0,51.71,5050.0
F03673,nutmeg mace cardamoms raw,183.9,19.1283,2.0,16.93,4441.0
F03674,true hemp raw or retted,4542.8,25.6584,24.0,69.08,18000.0
F03675,true hemp raw or retted,444.4,25.721,16.0,47.28,6000.0
F03676,pigeonpeas,31736.8,35.4579,16.0,17.32,6955.0
F03677,chickpea,706.5,18.9942,38.0,45.53,1990.0
F03678,mungbean,2688.6,27.2392,2.0,42.98,12170.0
F03679,treenuts total,2924.1,23.1144,2.0,64.33,3900.0
F03680,strawberries,8258.0,19.1629,9.0,45.82,2000.0
F03681,fruit primary,16199.4,29.541,5.0,26.55,8300.0
F03682,coffee green,845.6,26.5091,120.0,16.69,4105.0
F03683,plantains and cooking bananas,10988.8,25.721,2.0,58.29,4280.0
F03684,cucumbers and gherkins,16303.2,20.8797,26.0,12.01,2795.0
F03685,hazelnuts in shell,357.1,25.5368,11.0,46.31,1110.0
F03686,cabbages,7142.9,36.0042,5.0,56.76,7000.0
F03687,safflower seed,581.3,15.3247,5.0,52.46,7090.0
F03688,other nuts in shell n e c,1725.6,12.7568,24.0,69.94,2313.0
F03689,jojoba seeds,470.8,22.2753,16.0,46.98,2930.0
F03690,cereals primary,3523.7,40.7888,3.0,54.74,2230.0
F03691,raw hides and skins of sheep or lambs,31.0,22.7823,27.0,32.59,5800.0
F03692,cassava leaves,10000.0,19.3316,24.0,53.67,2390.0
F03693,areca nuts,4774.3,24.0673,3.0,34.71,430.0
F03694,abaca manila hemp raw,1305.5,25.299,7.0,17.69,4950.0
F03695,leeks and other alliaceous vegetables,30734.4,27.4585,36.0,29.62,2800.0
F03696,other pulses n e c,31483.1,18.8334,21.0,60.98,2350.0
F03697,jute raw or retted,2412.5,28.0094,6.0,24.99,8076.0
F03698,cauliflowers and broccoli,18415.9,23.9091,7.0,27.64,6676.0
F03699,mustard seed,1098.0,18.0514,2.0,46.43,5915.0
F03700,maize,2294.4,18.0503,7.0,42.24,1700.0
F03701,pumpkins squash and gourds,6125.1,29.3847,4.0,57.51,4120.0
F03702,potatoes,32036.5,30.4159,11.0,52.37,795.0
F03703,flax raw or retted,1258.0,19.6347,23.0,39.46,3875.0
F03704,green corn,9757.0,18.2378,2.0,55.95,6326.0
F03705,gur,21.0,25.1613,7.0,48.42,3100.0
F03706,chilli,275.3,20.2694,24.0,64.07,4095.0
F03707,wheat,4826.3,26.5091,54.0,44.24,2604.0
F03708,fibre crops fibre equivalent,120.2,34.5856,10.0,48.91,5700.0
F03709,mustard seed,687.2,29.246,4.0,35.72,2875.0
F03710,sunflower seed,698.1,19.7421,6.0,51.67,4225.0
F03711,tangerines mandarins clementines,15137.1,34.7241,8.0,29.24,5965.0
F03712,almonds in shell,529.0,19.1438,8.0,64.96,1900.0
F03713,green corn,910.7,29.246,2.0,43.71,4171.0
F03714,pigeon peas dry,1083.4,17.3029,7.0,24.95,6800.0
F03715,gur,162.0,23.1334,40.0,67.14,3125.0
F03716,lentil,6900.0,18.0649,68.0,55.07,6850.0
F03717,melonseed,518.1,29.8074,2.0,69.49,2787.0
F03718,nutmeg mace cardamoms raw,1071.1,24.2911,21.0,45.3,7630.0
F03719,chestnuts in shell,69.8,24.6885,34.0,12.7,4050.0
F03720,sour cherries,5687.5,38.3823,21.0,62.24,6555.0
F03721,cauliflower,13052.6,23.6408,16.0,32.09,1520.0
F03722,triticale,3715.4,24.3263,6.0,31.97,3970.0
F03723,other oil seeds n e c,1002.2,29.1803,12.0,61.45,4127.0
F03724,papayas,10008.6,29.869,3.0,44.11,2402.0
F03725,cucumbers and gherkins,24973.8,27.1491,62.0,37.57,2327.0
F03726,persimmons,7511.1,22.4742,27.0,56.58,1750.0
F03727,vetches,2205.0,26.9164,11.0,31.45,1850.0
F03728,cereals n e c,865.7,24.7053,3.0,37.17,5000.0
F03729,ramie raw or retted,941.2,27.1487,6.0,57.06,9700.0
F03730,pineapples,38944.4,21.1401,18.0,49.58,6392.0
F03731,flax raw or retted,663.3,25.3606,2.0,52.24,6190.0
F03732,flax raw or retted,583.3,29.3238,14.0,68.02,6825.0
F03733,cassava leaves,10000.0,19.7314,5.0,27.25,4100.0
F03734,millet,2315.4,31.7768,18.0,30.25,6136.0
F03735,sunflower seed,1870.0,24.1473,78.0,45.89,2530.0
F03736,leeks and other alliaceous vegetables,10986.1,28.7527,2.0,66.19,5380.0
F03737,groundnut,8008.3,24.8153,4.0,13.45,4735.0
F03738,chillies and peppers green,7988.4,18.654,38.0,28.52,5422.0
F03739,abaca manila hemp raw,1154.0,21.2131,10.0,29.55,6170.0
F03740,pomelos and grapefruits,20303.4,22.9143,10.0,62.7,10000.0
F03741,cow peas dry,728.5,25.5247,13.0,18.36,1075.0
F03742,papayas,24198.4,23.079,2.0,63.24,6501.0
F03743,edible roots and tubers with high starch or inulin content n e c fresh,24481.1,30.0209,120.0,55.62,5855.0
F03744,castor oil seeds,1666.7,25.9526,22.0,17.43,6655.0
F03745,pyrethrum dried flowers,1000.0,16.4334,38.0,20.89,3900.0
F03746,yautia,14611.1,25.6097,26.0,47.27,2600.0
F03747,ramie raw or retted,1794.6,22.6061,2.0,69.88,2530.0
F03748,jute raw or retted,2412.5,29.9441,20.0,60.79,2200.0
F03749,sugar cane,77748.6,29.0991,23.0,24.24,3500.0
F03750,yams,9000.0,27.5214,8.0,13.51,8540.0
F03751,kola nuts,585.1,18.5182,2.0,37.51,2500.0
F03752,other pome fruits,7321.8,34.9466,4.0,11.46,5700.0
F03753,chick peas dry,5576.1,28.2342,2.0,68.88,6270.0
F03754,peaches and nectarines,13194.5,23.5696,20.0,33.34,3790.0
F03755,quinces,3282.0,23.8351,40.0,35.61,1450.0
F03756,bhindi,10554.0,23.6646,6.0,23.25,2925.0
F03757,mixed grain,2647.5,36.8916,54.0,67.51,2960.0
F03758,vegetables primary,10710.2,25.832,5.0,10.73,4850.0
F03759,onions and shallots green,7863.5,17.5036,52.0,62.92,2700.0
F03760,cashew nuts in shell,1051.5,19.1857,5.0,10.85,1640.0
F03761,blackgram,4550.7,25.1986,54.0,32.72,4201.0
F03762,tea leaves,1530.9,21.5335,18.0,67.0,4900.0
F03763,bambara beans dry,345.2,24.9108,6.0,46.52,3711.0
F03764,vetches,157.3,24.4159,19.0,51.28,6205.0
F03765,areca nuts,3966.3,28.4343,78.0,40.27,2280.0
F03766,raw milk of sheep,4488.0,18.4931,90.0,36.69,4465.0
F03767,jojoba seeds,470.8,32.4547,4.0,21.87,17100.0
F03768,pomegranate,13736.0,23.626,3.0,24.9,2200.0
F03769,vanilla raw,327.7,27.7333,3.0,20.88,1850.0
F03770,cloves raw,236.0,27.6547,7.0,55.5,4330.0
F03771,peas green,5000.0,22.6978,13.0,20.26,3045.0
F03772,jowar,1364.9,28.6291,22.0,31.51,3863.0
F03773,pomelos and grapefruits,11038.6,29.3432,18.0,40.1,1010.0
F03774,mixed grain,2000.0,25.099,50.0,42.52,6230.0
F03775,soybean,28398.8,22.4408,10.0,50.64,4245.0
F03776,barley,1644.3,27.1872,4.0,36.98,2868.0
F03777,raw hides and skins of cattle,223.0,20.2777,2.0,37.28,4285.0
F03778,pulses total,2066.2,37.1317,16.0,15.3,3300.0
F03779,onions and shallots dry,27236.7,29.6673,23.0,54.83,5580.0
F03780,bajra,20028.6,28.3869,28.0,19.93,2625.0
F03781,lupins,1847.5,25.5308,26.0,52.59,6660.0
F03782,coffee,10669.2,27.5365,2.0,30.94,970.0
F03783,grape,5393.9,39.371,2.0,33.76,3200.0
F03784,pepper raw,350.2,31.1006,40.0,30.9,7800.0
F03785,bajra,6428.2,25.6739,2.0,63.84,2126.0
F03786,cashew nuts in shell,654.4,22.9143,4.0,31.68,7000.0
F03787,cassava fresh,7803.3,23.0204,52.0,25.27,4250.0
F03788,avocados,3390.9,17.9285,50.0,13.63,4650.0
F03789,banana,13582.8,26.2101,10.0,19.68,2735.0
F03790,brinjal,5498.0,37.1317,14.0,65.84,2080.0
F03791,jojoba seeds,470.8,24.9322,62.0,48.3,4380.0
F03792,chestnuts in shell,2555.6,23.8633,2.0,24.97,10870.0
F03793,rape or colza seed,411.0,28.8408,21.0,26.82,5980.0
F03794,castor oil seeds,400.6,13.7032,30.0,19.62,7841.0
F03795,rice,4322.3,21.3238,11.0,62.96,3775.0
F03796,gur,255.4,28.3629,4.0,50.8,3800.0
F03797,tangerines mandarins clementines,4035.0,26.709,17.0,32.58,6700.0
F03798,peas green,2798.4,19.6347,9.0,52.3,3600.0
F03799,cotton,863.3,24.9644,17.0,41.39,7100.0
F03800,raw milk of camel,2044.0,23.7103,7.0,38.99,2215.0
F03801,green garlic,7892.9,24.5344,10.0,53.64,5950.0
F03802,cassava fresh,14553.2,23.5001,13.0,43.37,2440.0
F03803,avocados,3534.1,28.1991,18.0,24.55,5300.0
F03804,maize,5555.6,20.2732,40.0,57.38,2216.0
F03805,buckwheat,2549.9,22.5526,50.0,65.4,4281.0
F03806,other stimulant spice and aromatic crops n e c,852.7,28.6609,9.0,58.28,2440.0
F03807,cashewapple,4405.4,26.2131,4.0,16.84,2210.0
F03808,bambara beans dry,733.1,27.6528,22.0,34.29,4100.0
F03809,quinoa,1803.3,26.1438,2.0,21.3,6370.0
F03810,olives,6808.7,26.7172,7.0,62.55,2322.0
F03811,citrus fruit total,25593.0,31.1006,7.0,65.62,4170.0
F03812,edible roots and tubers with high starch or inulin content n e c fresh,24481.1,26.031,16.0,59.94,5000.0
F03813,watermelon,29273.1,24.9012,9.0,61.3,2242.0
F03814,abaca manila hemp raw,600.1,27.7195,14.0,27.3,4025.0
F03815,other pulses n e c,1097.9,25.5042,2.0,19.19,6100.0
F03816,natural rubber in primary forms,1276.4,26.8975,2.0,68.22,4285.0
F03817,peas dry,2847.9,19.4865,120.0,56.92,2593.0
F03818,cherries,8536.0,20.8795,18.0,16.03,19600.0
F03819,other beans green,11704.0,21.7238,26.0,35.47,8975.0
F03820,cucumbers and gherkins,13457.2,27.44,2.0,29.08,9380.0
F03821,pigeon peas dry,604.2,25.1789,4.0,59.4,2694.0
F03822,melonseed,1727.9,25.8648,32.0,16.98,1720.0
F03823,pigeon peas dry,604.2,28.4206,2.0,20.99,3935.0
F03824,agave fibres raw n e c,670.1,23.8258,4.0,55.51,1050.0
F03825,beans dry,1118.0,26.0543,3.0,48.69,6200.0
F03826,sugar beet,62183.1,36.5127,9.0,14.9,4600.0
F03827,arhar,1313.9,29.7701,9.0,55.32,9115.0
F03828,other beans green,5520.1,28.4958,2.0,41.21,7000.0
F03829,onions and shallots green,6373.6,27.3358,7.0,40.07,7625.0
F03830,cocoa beans,892.0,27.2371,22.0,64.91,2410.0
F03831,oil palm fruit,13914.7,25.6689,46.0,28.0,2825.0
F03832,quinoa,1803.2,25.7127,10.0,34.79,5080.0
F03833,cinnamon and cinnamon tree flowers raw,244.2,20.6277,2.0,29.82,12000.0
F03834,kola nuts,558.3,20.9389,21.0,41.89,9100.0
F03835,mungbean,1660.2,28.7275,13.0,11.56,7500.0
F03836,pumpkins squash and gourds,13188.3,29.203,6.0,16.33,5490.0
F03837,other pulses n e c,5504.1,37.4657,13.0,68.0,10100.0
F03838,cocoa beans,103.1,26.2237,4.0,16.87,5820.0
F03839,roots and tubers total,9883.3,27.5359,52.0,56.02,6845.0
F03840,sisal raw,779.4,18.8885,16.0,42.28,2460.0
F03841,canary seed,2746.1,19.6365,16.0,20.04,7125.0
F03842,watermelon,20821.3,24.9012,3.0,30.65,2159.0
F03843,eggplants,5404.4,28.8427,80.0,57.88,2380.0
F03844,bhindi,7833.3,21.1991,2.0,12.97,2125.0
F03845,other beans green,9493.1,34.1263,2.0,26.91,5550.0
F03846,cherries,5420.2,24.3777,2.0,17.14,5800.0
F03847,locust beans,3590.9,22.9536,16.0,13.06,2300.0
F03848,raw milk of camel,3120.0,23.8681,6.0,20.71,2665.0
F03849,sugar crops primary,88816.1,28.0664,6.0,36.4,6110.0
F03850,mothbeans,716.3,28.9295,26.0,21.63,5342.0
F03851,raw milk of camel,830.0,24.859,24.0,55.19,9510.0
F03852,cashewapple,3790.7,30.5814,27.0,57.08,5778.0
F03853,cauliflower,224.2,18.2978,18.0,40.31,2350.0
F03854,eggs primary,170765.0,20.2816,5.0,49.64,5822.0
F03855,true hemp raw or retted,2990.8,20.8248,23.0,63.02,5965.0
F03856,olives,1771.3,31.4651,2.0,29.85,7760.0
F03857,apricots,10037.2,18.8202,2.0,49.94,6100.0
F03858,pigeon peas dry,1031.8,23.5013,2.0,35.37,4505.0
F03859,cantaloupes and other melons,13960.6,31.7768,2.0,17.63,5650.0
F03860,banana,12800.1,28.0817,2.0,47.94,3000.0
F03861,pumpkins squash and gourds,33240.1,28.0664,22.0,42.63,2360.0
F03862,bhindi,1087.1,25.3904,10.0,25.45,1938.0
F03863,spinach,8000.0,22.0082,9.0,23.52,6790.0
F03864,vetches,3653.5,25.8768,48.0,61.08,11300.0
F03865,raw hides and skins of sheep or lambs,16.0,22.4458,120.0,18.7,4500.0
F03866,green garlic,12883.4,30.072,24.0,20.47,6950.0
F03867,bhindi,53350.1,28.5783,2.0,59.71,2860.0
F03868,cashew nuts in shell,1684.9,18.4165,18.0,69.45,2500.0
F03869,chilli,653.7,32.768,10.0,26.37,2450.0
F03870,cassava leaves,10000.0,25.1316,2.0,18.31,5430.0
F03871,other vegetables fresh n e c,6992.1,21.325,7.0,52.83,4100.0
F03872,agave fibres raw n e c,690.6,43.302,20.0,39.2,2085.0
F03873,figs,2967.3,35.3329,4.0,30.87,2390.0
F03874,unmanufactured tobacco,1699.4,22.4205,11.0,29.93,5237.0
F03875,pineapples,23421.9,24.9012,18.0,63.76,8050.0
F03876,pomegranate,33555.8,20.5134,6.0,23.64,4665.0
F03877,vegetables primary,24554.9,18.1471,21.0,43.48,2743.0
F03878,cinnamon and cinnamon tree flowers raw,1760.4,33.4641,14.0,27.54,1755.0
F03879,mangoes guavas and mangosteens,5000.0,25.1475,16.0,33.01,5800.0
F03880,pigeonpeas,4363.9,24.8047,2.0,51.44,5580.0
F03881,coconut,93.3,25.5162,15.0,46.65,2060.0
F03882,vegetables primary,35547.9,22.9536,2.0,43.91,850.0
F03883,orange,31319.5,20.4895,4.0,29.3,650.0
F03884,locust beans,4941.4,13.2084,10.0,13.28,5455.0
F03885,eggs from other birds in shell fresh n e c,138.0,25.7872,2.0,53.45,5940.0
F03886,gooseberries,1000.0,27.8449,44.0,25.49,2750.0
F03887,vegetables primary,11972.1,22.6978,13.0,52.51,7826.0
F03888,seed cotton unginned,2127.7,33.8635,8.0,64.68,3045.0
F03889,green corn,11643.4,27.4143,7.0,12.45,7810.0
F03890,barley,1072.0,33.0469,4.0,50.69,6505.0
F03891,artichokes,5782.8,26.1396,84.0,40.88,2770.0
F03892,pistachios in shell,470.7,37.4657,2.0,52.9,2200.0
F03893,cow peas dry,367.1,25.2605,28.0,66.81,4139.0
F03894,abaca manila hemp raw,1154.0,21.127,10.0,21.37,7100.0
F03895,pyrethrum dried flowers,258.4,27.705,11.0,56.32,2790.0
F03896,eggs primary,108681.0,24.9146,26.0,26.45,4025.0
F03897,quinces,8341.0,24.4023,16.0,60.65,3900.0
F03898,pineapples,13606.1,25.5476,50.0,53.03,6511.0
F03899,raw hides and skins of sheep or lambs,35.0,24.7053,11.0,67.04,1598.0
F03900,raw hides and skins of buffaloes,259.0,24.3277,18.0,32.95,1700.0
F03901,orange,19431.7,25.669,82.0,68.45,7185.0
F03902,oilcrops cake equivalent,197.7,26.4177,6.0,14.62,6385.0
F03903,other fibre crops raw n e c,1247.7,20.8797,3.0,60.01,4600.0
F03904,vegetables primary,26093.9,26.1396,2.0,43.4,4200.0
F03905,lentil,2609.9,21.7979,28.0,45.86,6240.0
F03906,milk total,15225.0,33.6477,24.0,12.72,2413.0
F03907,okra,4478.6,21.9104,22.0,49.6,1635.0
F03908,apple,20474.2,23.502,26.0,37.77,5555.0
F03909,peppermint spearmint,3015.8,27.8133,24.0,23.88,10595.0
F03910,edible roots and tubers with high starch or inulin content n e c fresh,16166.5,28.0927,2.0,53.42,1640.0
F03911,arhar,10300.0,27.1103,14.0,20.38,4700.0
F03912,apple,36010.3,23.7148,7.0,42.13,12300.0
F03913,rye,707.8,34.5142,26.0,27.61,2382.5
F03914,persimmons,4086.2,25.2995,4.0,50.65,3750.0
F03915,yautia,11701.3,28.4206,26.0,27.06,1590.0
F03916,pyrethrum dried flowers,258.6,24.9718,2.0,59.34,4400.0
F03917,sisal raw,1266.2,27.1487,2.0,66.04,5848.0
F03918,agave fibres raw n e c,440.8,26.0701,10.0,13.5,6200.0
F03919,treenuts total,11739.3,22.4278,2.0,35.95,2595.0
F03920,raw milk of goats,520.0,32.3474,12.0,31.95,3360.0
F03921,chestnuts in shell,2707.6,25.8504,2.0,26.95,2870.0
F03922,almonds in shell,2294.4,25.5368,27.0,41.13,2197.0
F03923,coconuts in shell,1014.7,28.5783,8.0,61.06,8950.0
F03924,treenuts total,1148.3,20.1264,8.0,33.3,1965.0
F03925,chilli,8950.6,24.9008,10.0,29.88,1475.0
F03926,roots and tubers total,14362.7,26.1396,24.0,56.69,2343.0
F03927,natural rubber in primary forms,283.3,21.6316,68.0,33.6,2300.0
F03928,kapok fruit,3645.4,18.3156,6.0,41.2,4199.0
F03929,eggs primary,106053.0,23.7148,10.0,60.92,4285.0
F03930,pepper raw,636.2,28.0538,6.0,35.84,4020.0
F03931,areca nuts,509.4,27.5783,4.0,18.71,20550.0
F03932,kola nuts,454.8,33.4908,4.0,46.65,2210.0
F03933,broad beans and horse beans dry,2082.0,18.9803,2.0,44.11,9040.0
F03934,safflower seed,1470.6,27.5591,10.0,45.83,9720.0
F03935,sisal raw,228.5,27.3358,2.0,64.54,4150.0
F03936,pigeon peas dry,1177.3,28.1494,4.0,31.68,3215.0
F03937,raw milk of sheep,524.0,26.5742,14.0,65.15,2950.0
F03938,quinoa,676.9,24.3075,56.0,14.16,1905.0
F03939,persimmons,10127.5,21.2594,4.0,38.83,5550.0
F03940,other tropical fruits n e c,9857.5,11.5479,3.0,24.46,2465.0
F03941,grape,10990.0,33.3421,4.0,28.43,7050.0
F03942,peppermint spearmint,13010.1,22.6136,30.0,28.12,6590.0
F03943,unmanufactured tobacco,1168.3,26.2453,78.0,23.02,2150.0
F03944,cassava fresh,9519.8,31.2718,4.0,32.73,2385.0
F03945,pigeonpeas,2806.4,23.1741,30.0,39.58,11261.0
F03946,green corn,678.3,24.9299,2.0,35.0,1900.0
F03947,sesame seed,299.2,27.0486,2.0,14.39,2152.0
F03948,papaya,1372.2,42.3941,68.0,63.85,4755.0
F03949,raw milk of sheep,404.0,29.0959,7.0,40.98,21800.0
F03950,bhindi,1659.4,33.7463,5.0,43.85,1810.0
F03951,cassava fresh,21989.6,26.8153,84.0,60.55,4850.0
F03952,muskmelon,17809.0,29.3403,9.0,35.16,4400.0
F03953,mungbean,10057.4,27.7333,7.0,50.61,2340.0
F03954,tomatoes,11076.1,29.6321,4.0,30.36,5050.0
F03955,apple,12840.0,22.8601,6.0,15.95,11300.0
F03956,cow peas dry,1640.8,28.2062,11.0,31.43,6250.0
F03957,string beans,10290.2,26.5354,12.0,13.17,6060.0
F03958,nutmeg mace cardamoms raw,505.7,28.568,50.0,44.59,5030.0
F03959,oil palm fruit,13113.4,23.8976,24.0,34.93,6950.0
F03960,arhar,1515.3,13.0581,14.0,15.05,5745.0
F03961,citrus fruit total,9377.4,23.6408,38.0,49.53,6091.0
F03962,mustard,15841.0,25.3924,16.0,51.4,6014.0
F03963,pigeon peas dry,1149.5,22.6966,2.0,25.91,5800.0
F03964,jowar,3648.7,29.8929,5.0,52.41,5440.0
F03965,cotton,14143.3,22.2151,16.0,33.76,6965.0
F03966,rye,2516.1,26.6384,46.0,49.42,6280.0
F03967,areca nuts,8704.4,29.3374,4.0,68.81,2100.0
F03968,agave fibres raw n e c,942.3,24.6354,16.0,53.34,2145.0
F03969,raw milk of sheep,486.0,26.6333,2.0,29.49,2692.0
F03970,currants,4444.4,28.4744,36.0,65.13,5199.0
F03971,papaya,20540.6,32.5004,2.0,16.2,11000.0
F03972,carrots and turnips,47100.6,26.2493,12.0,28.08,3900.0
F03973,oilcrops cake equivalent,307.4,24.8936,23.0,42.18,2090.0
F03974,poppy seed,810.0,22.1072,4.0,46.46,5010.0
F03975,cucumbers and gherkins,13500.0,28.9295,20.0,41.43,1060.0
F03976,green gram,13070.2,21.2543,82.0,46.4,6200.0
F03977,triticale,2165.0,20.2777,26.0,57.64,2470.0
F03978,apricots,6329.8,23.2493,2.0,61.03,2150.0
F03979,flax raw or retted,250.0,27.0486,14.0,55.48,20000.0
F03980,pineapples,45612.4,21.6315,30.0,13.62,900.0
F03981,sugar crops primary,39416.5,28.9732,12.0,35.56,1900.0
F03982,cashew nuts in shell,565.4,25.0116,12.0,52.62,38500.0
F03983,peppermint spearmint,3687.2,25.4985,8.0,68.62,16200.0
F03984,other beans green,2392.7,21.4465,6.0,25.98,17000.0
F03985,onions and shallots dry,6471.1,23.5001,14.0,24.08,3885.0
F03986,soya beans,1288.2,23.7939,10.0,20.49,2409.0
F03987,ginger raw,5750.0,16.2785,13.0,36.37,2250.0
F03988,onions and shallots dry,30479.2,21.0125,9.0,33.25,6190.0
F03989,blueberries,6909.1,24.3712,2.0,37.7,3195.0
F03990,oilcrops cake equivalent,1778.3,27.0242,5.0,23.34,2610.0
F03991,jowar,3363.2,29.7377,10.0,51.21,4250.0
F03992,grape,12516.2,12.1419,18.0,34.41,2000.0
F03993,lentil,657.0,21.7979,14.0,52.86,5835.0
F03994,canary seed,405.2,25.1964,8.0,39.61,2787.5
F03995,areca nuts,1740.7,22.7277,9.0,40.22,2205.0
F03996,cashewapple,3790.7,17.5036,12.0,53.26,11000.0
F03997,seed cotton unginned,6635.2,18.8885,15.0,22.99,2340.0
F03998,other vegetables fresh n e c,10657.8,22.6395,2.0,43.42,6230.0
F03999,quinces,55500.0,22.7704,16.0,22.16,2701.0
F04000,jute,3689.3,23.5842,2.0,40.58,1440.0
F04001,raw milk of camel,1883.0,20.2694,9.0,52.89,1910.0
F04002,ramie raw or retted,3919.6,24.8766,23.0,65.39,1640.0
F04003,plums and sloes,3877.9,16.7756,3.0,50.03,2445.0
F04004,fonio,645.2,18.4397,19.0,36.55,2550.0
F04005,cabbages,31296.7,18.6233,18.0,15.4,5500.0
F04006,currants,7367.7,21.8411,2.0,55.06,6180.0
F04007,other beans green,7196.2,20.3672,4.0,47.52,2600.0
F04008,other pulses n e c,2240.3,36.7313,23.0,34.12,12470.0
F04009,ginger,18683.9,25.6129,7.0,11.37,1850.0
F04010,other citrus fruit n e c,13899.0,21.3278,11.0,38.18,1120.0
F04011,sunflower seed,1000.0,24.3353,48.0,31.7,9275.0
F04012,onions and shallots green,11555.1,22.0461,8.0,51.72,5050.0
F04013,agave fibres raw n e c,1335.8,25.9631,3.0,15.07,1330.0
F04014,cucumbers and gherkins,27927.0,25.3547,12.0,57.74,2300.0
F04015,jute raw or retted,10741.9,28.6546,10.0,11.68,3500.0
F04016,quinoa,1803.3,24.1439,2.0,23.58,18200.0
F04017,kenaf and other textile bast fibres raw or retted,1022.2,27.322,2.0,11.58,2619.0
F04018,other pulses n e c,475.6,27.4685,34.0,50.41,2995.0
F04019,oilcrops oil equivalent,599.2,18.8761,20.0,39.46,2724.0
F04020,anise badian coriander cumin caraway fennel and juniper berries raw,1128.7,29.4716,2.0,27.19,6800.0
F04021,raw hides and skins of goats or kids,16.0,12.8,2.0,25.37,14970.0
F04022,raw hides and skins of cattle,191.0,22.6395,10.0,33.07,6100.0
F04023,mothbeans,11390.5,31.9699,23.0,10.85,6300.0
F04024,other oil seeds n e c,864.0,23.6646,15.0,36.53,7259.0
F04025,jute,44305.2,26.128,2.0,64.48,6620.0
F04026,blueberries,6502.2,39.2334,2.0,62.73,5977.0
F04027,raw milk of camel,5129.0,21.4528,26.0,62.56,7850.0
F04028,jowar,1983.0,26.8704,2.0,15.82,3600.0
F04029,mat leaves,5465.1,27.9237,44.0,13.31,7050.0
F04030,other sugar crops n e c,11329.7,39.2334,4.0,22.28,4250.0
F04031,cotton,266.0,23.0866,36.0,50.11,7300.0
F04032,green corn,1135.3,29.7014,82.0,14.16,6500.0
F04033,vanilla raw,47.0,19.4534,16.0,45.31,2375.0
F04034,peaches and nectarines,7113.3,18.5182,26.0,60.76,3100.0
F04035,cotton,13024.3,25.2487,52.0,33.75,7500.0
F04036,asparagus,2400.0,24.4584,3.0,69.68,7625.0
F04037,roots and tubers total,20827.3,28.0107,2.0,57.88,2240.0
F04038,millet,2851.5,26.1002,30.0,26.27,6000.0
F04039,broad beans and horse beans green,8932.0,24.1318,56.0,63.39,2890.0
F04040,milk total,6442.0,23.8319,2.0,61.81,6090.0
F04041,other stone fruits,4267.6,33.3232,9.0,21.08,5875.0
F04042,other oil seeds n e c,1714.6,29.2212,2.0,50.5,5355.0
F04043,ramie raw or retted,941.2,25.8663,15.0,69.72,2715.0
F04044,natural rubber in primary forms,1225.8,28.278,40.0,51.51,4205.0
F04045,cashewapple,5315.3,27.92,10.0,36.56,805.0
F04046,treenuts total,1138.1,27.2537,80.0,62.51,4705.0
F04047,wheat,2068.3,25.7082,52.0,60.9,2425.0
F04048,jute raw or retted,1947.9,29.0679,6.0,23.85,6425.0
F04049,mungbean,1976.7,28.7973,50.0,60.23,5800.0
F04050,other pulses n e c,5726.4,27.9497,3.0,19.13,2670.0
F04051,natural rubber in primary forms,831.0,21.7747,16.0,20.06,2830.0
F04052,cabbages,40746.7,22.8123,11.0,30.76,3950.0
F04053,cotton,36176.0,24.4911,2.0,38.47,6865.0
F04054,cucumbers and gherkins,10711.1,29.1431,3.0,33.78,7800.0
F04055,vegetables primary,21573.4,29.9884,16.0,31.33,16400.0
F04056,sunflower seed,2299.7,42.305,30.0,30.53,1150.0
F04057,eggs primary,113722.0,27.0032,2.0,62.58,4480.0
F04058,groundnuts excluding shelled,1335.6,19.6492,5.0,31.7,2800.0
F04059,onions and shallots green,2139.1,25.8768,12.0,43.44,1670.0
F04060,watermelon,12986.0,26.2752,26.0,10.52,1500.0
F04061,other sugar crops n e c,7194.5,24.015,11.0,63.86,3875.0
F04062,cereals primary,2762.1,27.0828,11.0,61.63,6940.0
F04063,tangerines mandarins clementines,17296.6,33.3302,12.0,35.71,4176.0
F04064,coffee green,1772.8,11.0337,22.0,26.98,4100.0
F04065,cherries,3786.3,27.0537,4.0,39.55,3855.0
F04066,walnuts in shell,2259.3,29.1705,4.0,24.1,3960.0
F04067,lentil,6883.8,27.4143,21.0,25.63,5630.0
F04068,fibre crops fibre equivalent,940.9,29.0679,7.0,30.42,4200.0
F04069,sunflower seed,1619.3,23.3357,5.0,22.49,4071.0
F04070,other oil seeds n e c,1363.9,24.6354,16.0,35.06,6656.0
F04071,string beans,9120.1,19.1034,2.0,13.76,4232.0
F04072,cashew nuts in shell,537.2,18.2357,6.0,26.43,5915.0
F04073,tomatoes,41930.9,21.746,2.0,37.58,1950.0
F04074,other berries and fruits of the genus vaccinium n e c,3315.1,42.9233,28.0,18.09,4511.0
F04075,cassava fresh,15626.5,25.4985,26.0,29.21,2065.0
F04076,pigeon peas dry,1177.3,24.5925,8.0,69.36,13150.0
F04077,hazelnuts in shell,807.6,31.7411,6.0,34.6,7855.0
F04078,spinach,3646.4,27.4685,9.0,17.08,2660.0
F04079,oilcrops cake equivalent,328.3,26.3404,60.0,39.17,6800.0
F04080,hazelnuts in shell,465.1,31.1006,14.0,54.68,4100.0
F04081,broad beans and horse beans green,9153.8,18.9059,60.0,24.45,3330.0
F04082,anise badian coriander cumin caraway fennel and juniper berries raw,640.9,29.7515,10.0,62.06,8000.0
F04083,yams,5314.9,30.0614,4.0,29.67,2200.0
F04084,cotton,7315.7,24.8656,2.0,42.2,7060.0
F04085,sunflower seed,1687.9,30.5073,4.0,63.2,3105.0
F04086,cherries,909.1,36.0435,10.0,31.63,6825.0
F04087,pears,53415.4,28.4368,2.0,50.45,2351.0
F04088,plantains and cooking bananas,5159.3,23.8976,26.0,45.42,5220.0
F04089,unmanufactured tobacco,999.1,29.6924,2.0,42.35,5180.0
F04090,other nuts in shell n e c,3000.0,24.5344,12.0,50.22,6500.0
F04091,kidneybeans,9421.6,15.4679,9.0,24.66,2476.0
F04092,safflower seed,640.9,22.8123,4.0,48.08,19200.0
F04093,cassava leaves,10000.0,20.9498,2.0,25.76,2147.0
F04094,banana,13759.7,25.8663,2.0,57.67,2550.0
F04095,jowar,6015.6,23.4538,7.0,63.49,2440.0
F04096,hop cones,2933.0,27.9839,44.0,39.92,930.0
F04097,chestnuts in shell,5067.2,19.4865,27.0,37.07,5900.0
F04098,cauliflower,3375.9,27.0828,30.0,45.48,3100.0
F04099,areca nuts,1740.7,29.9042,12.0,57.25,5820.0
F04100,rape or colza seed,2000.0,22.4562,2.0,36.59,4250.0
F04101,mat leaves,4200.0,22.4205,9.0,27.63,9020.0
F04102,tung nuts,5030.1,25.9373,8.0,28.43,5660.0
F04103,cotton,7996.5,25.3202,4.0,25.81,7130.0
F04104,sunflower seed,2067.3,32.8396,24.0,19.22,7520.0
F04105,roots and tubers total,29348.4,23.8083,82.0,32.89,1130.0
F04106,tea leaves,933.3,31.2279,7.0,60.14,5797.0
F04107,other sugar crops n e c,14165.1,29.384,120.0,52.75,2165.0
F04108,other sugar crops n e c,11329.7,31.8834,3.0,39.96,2480.0
F04109,banana,23370.7,28.947,3.0,38.13,2795.0
F04110,mango,10981.8,32.1775,50.0,31.21,1300.0
F04111,tomatoes,14872.2,30.1077,2.0,32.29,3000.0
F04112,cauliflower,1670.9,8.8257,46.0,59.17,1860.0
F04113,other citrus fruit n e c,7036.3,18.3812,8.0,67.66,2930.0
F04114,peas dry,668.1,26.1416,6.0,18.59,6410.0
F04115,spinach,19108.6,27.9303,2.0,54.22,2325.0
F04116,almonds in shell,1958.4,27.3358,19.0,43.29,2398.0
F04117,raw hides and skins of goats or kids,20.0,28.262,28.0,24.94,5800.0
F04118,pears,16878.9,27.6547,56.0,50.82,2400.0
F04119,gur,25494.8,29.9435,23.0,34.87,3500.0
F04120,eggplants,42567.6,16.3625,8.0,37.48,1200.0
F04121,other tropical fruits n e c,2608.1,29.8482,2.0,68.76,5591.0
F04122,chestnuts in shell,1684.9,24.0673,20.0,57.22,4200.0
F04123,other sugar crops n e c,7194.5,23.1681,19.0,17.36,7075.0
F04124,kenaf and other textile bast fibres raw or retted,942.2,23.224,9.0,63.31,2500.0
F04125,other berries and fruits of the genus vaccinium n e c,4400.0,22.3651,10.0,19.61,3805.0
F04126,cassava leaves,10000.0,23.8916,6.0,41.3,5515.0
F04127,treenuts total,3367.0,34.9317,26.0,44.33,4730.0
F04128,peas green,2344.7,17.8156,9.0,14.16,5745.0
F04129,bajra,48726.4,28.6546,7.0,62.7,2675.0
F04130,wheat,5054.9,23.3384,10.0,52.94,2535.0
F04131,string beans,11604.6,18.7068,2.0,48.56,2220.0
F04132,lentils dry,508.2,28.3472,3.0,61.83,11500.0
F04133,mustard,5076.3,21.9119,6.0,63.14,6000.0
F04134,jute,14051.3,26.284,11.0,43.95,5950.0
F04135,papayas,53410.7,24.3018,16.0,18.8,3900.0
F04136,cashewapple,5315.3,22.2151,2.0,29.67,3825.0
F04137,chestnuts in shell,1564.8,35.4748,6.0,66.37,7080.0
F04138,soybean,1619.3,26.1249,78.0,62.0,4291.0
F04139,leeks and other alliaceous vegetables,27010.4,28.8263,7.0,55.5,6865.0
F04140,chickpea,6251.4,18.7296,6.0,21.0,6350.0
F04141,other pome fruits,6042.1,27.0881,9.0,46.63,12000.0
F04142,grape,14867.8,26.9162,2.0,53.88,2310.0
F04143,raw milk of goats,292.0,30.285,6.0,55.48,3805.0
F04144,ginger raw,11200.3,26.8249,20.0,20.46,2311.0
F04145,barley,2797.3,35.6363,26.0,28.15,1030.0
F04146,plums and sloes,3857.1,23.0381,2.0,20.36,7145.0
F04147,carrots and turnips,20856.8,19.5413,22.0,40.14,6610.0
F04148,pears,16878.9,25.5162,2.0,44.99,2360.0
F04149,chick peas dry,612.9,25.1111,5.0,33.04,4100.0
F04150,triticale,5366.0,29.9836,24.0,32.3,5080.0
F04151,kidneybeans,33627.9,21.8062,11.0,25.4,3885.0
F04152,mustard,9790.8,22.9546,4.0,25.56,5570.0
F04153,persimmons,23061.9,29.9169,10.0,11.05,4017.0
F04154,hen eggs in shell fresh,184385.0,24.3887,20.0,42.13,4325.0
F04155,raw milk of buffalo,4000.0,28.3629,28.0,20.31,7700.0
F04156,raw milk of goats,599.0,22.7175,34.0,20.82,5700.0
F04157,true hemp raw or retted,1142.9,33.9531,30.0,20.11,4160.0
F04158,pigeonpeas,858.2,24.6949,8.0,45.67,1800.0
F04159,sweet potatoes,41397.3,25.7218,16.0,36.75,4950.0
F04160,yautia,4829.0,27.5427,54.0,56.83,6750.0
F04161,tung nuts,890.7,25.6298,12.0,53.76,2190.0
F04162,bhindi,4833.3,25.9526,2.0,10.03,1425.0
F04163,soybean,2841.7,30.5599,7.0,53.41,3080.0
F04164,sweet potatoes,14382.5,28.6916,9.0,47.75,3625.0
F04165,buckwheat,1166.7,24.8153,144.0,25.18,4500.0
F04166,tea leaves,1274.7,28.69,2.0,36.98,1900.0
F04167,pepper raw,732.5,18.8749,2.0,38.82,5700.0
F04168,artichokes,38801.5,21.1709,46.0,56.92,6725.0
F04169,cow peas dry,957.7,29.0307,5.0,30.38,2430.0
F04170,peas green,1589.3,24.995,50.0,11.04,8950.0
F04171,muskmelon,61042.0,29.9169,12.0,35.16,3785.0
F04172,raw hides and skins of buffaloes,243.0,18.1723,6.0,36.16,19350.0
F04173,groundnut,5007.0,25.3269,28.0,65.96,5175.0
F04174,wheat,3759.0,23.1681,17.0,43.86,2452.0
F04175,oilcrops cake equivalent,309.0,23.7937,7.0,20.68,5092.0
F04176,other beans green,4761.9,22.2287,5.0,17.89,6350.0
F04177,coconut,14068.0,29.8691,10.0,19.58,4385.0
F04178,fruit primary,17036.7,32.6616,10.0,53.46,6150.0
F04179,peaches and nectarines,7984.8,24.3559,14.0,28.95,4440.0
F04180,peas dry,1225.2,25.721,2.0,10.24,3960.0
F04181,oilcrops cake equivalent,475.6,31.6533,22.0,31.72,7650.0
F04182,green corn,21918.9,24.603,22.0,22.98,4950.0
F04183,potatoes,22928.6,11.0337,23.0,35.68,3580.0
F04184,papaya,13420.8,40.212,46.0,29.61,7395.0
F04185,papaya,5431.7,42.8461,2.0,58.4,8250.0
F04186,peppermint spearmint,2352.9,31.4642,26.0,55.62,4750.0
F04187,spinach,6822.8,23.7509,2.0,24.63,5525.0
F04188,pears,19132.1,29.8843,24.0,59.71,7484.0
F04189,canary seed,2746.1,20.38,11.0,36.46,5950.0
F04190,other berries and fruits of the genus vaccinium n e c,1423.1,22.7786,2.0,20.27,4700.0
F04191,soya beans,2980.9,20.1264,6.0,12.46,2300.0
F04192,apricots,1975.0,20.9563,2.0,43.18,2060.0
F04193,pyrethrum dried flowers,419.4,21.127,27.0,50.67,2460.0
F04194,olives,1924.1,39.3005,2.0,57.31,6759.0
F04195,peppermint spearmint,16901.4,27.3766,32.0,37.3,4680.0
F04196,mustard,1851.9,26.3503,22.0,16.84,5480.0
F04197,cauliflower,1098.0,30.3026,16.0,30.3,1425.0
F04198,fruit primary,13154.1,13.0581,18.0,34.48,6251.0
F04199,chickpea,3000.0,19.4534,14.0,41.07,4000.0
F04200,other stone fruits,9994.3,30.9147,3.0,43.19,5760.0
F04201,yams,9829.7,25.0087,16.0,26.12,7900.0
F04202,kidneybeans,5496.0,19.5638,6.0,44.52,3850.0
F04203,tangerines mandarins clementines,3957.8,29.5888,10.0,39.68,6360.0
F04204,lupins,1752.4,11.1899,9.0,63.14,4150.0
F04205,beans dry,807.5,34.5918,2.0,38.84,4225.0
F04206,lentils dry,218.3,22.3651,2.0,27.5,6851.0
F04207,barley,1217.9,29.1097,6.0,34.49,4070.0
F04208,castor oil seeds,255.4,31.0751,6.0,38.88,2390.0
F04209,other pome fruits,10774.2,21.8117,22.0,14.26,2850.0
F04210,rice,8673.5,22.7088,19.0,19.34,2565.0
F04211,unmanufactured tobacco,1134.2,29.491,16.0,65.36,2385.0
F04212,other tropical fruits n e c,10866.8,33.3614,16.0,60.43,1950.0
F04213,raw milk of buffalo,6250.0,26.4931,3.0,37.78,4200.0
F04214,kapok fruit,1619.0,11.5032,6.0,56.35,1055.0
F04215,green gram,1912.3,29.2441,54.0,62.49,7000.0
F04216,castor oil seeds,1044.2,22.9216,26.0,24.25,4250.0
F04217,wheat,7185.2,30.9061,26.0,33.42,2804.0
F04218,mungbean,8236.3,29.5304,11.0,24.7,4150.0
F04219,anise badian coriander cumin caraway fennel and juniper berries raw,1506.9,26.3404,12.0,44.27,5555.0
F04220,pomelos and grapefruits,4596.7,25.8693,20.0,29.14,4230.0
F04221,oilcrops oil equivalent,739.4,25.7875,2.0,53.74,2529.0
F04222,lettuce and chicory,1094.5,40.212,9.0,63.78,3800.0
F04223,rice,7132.5,22.3016,9.0,28.47,2891.0
F04224,string beans,25278.0,19.4623,8.0,68.66,7100.0
F04225,other pulses n e c,2677.1,24.3263,2.0,61.41,1400.0
F04226,oil palm fruit,13113.4,22.9536,4.0,24.63,6850.0
F04227,okra,9367.3,24.4513,10.0,57.1,4725.0
F04228,groundnut,29045.2,27.3506,2.0,34.82,4600.0
F04229,groundnut,189268.0,22.0278,21.0,61.76,5155.0
F04230,mothbeans,263.3,24.4788,4.0,23.73,2338.0
F04231,kola nuts,558.3,29.9435,15.0,42.56,2595.0
F04232,lentils dry,1005.5,33.3421,26.0,14.42,1565.0
F04233,chestnuts in shell,1684.9,28.1445,6.0,58.9,5500.0
F04234,other berries and fruits of the genus vaccinium n e c,2703.4,23.4855,14.0,47.55,5908.0
F04235,cinnamon and cinnamon tree flowers raw,72.3,19.9289,9.0,45.11,3925.0
F04236,millet,1000.0,25.949,2.0,34.75,3730.0
F04237,kidneybeans,4156.7,21.4245,78.0,69.12,1200.0
F04238,blackgram,26250.2,30.9491,6.0,69.8,10370.0
F04239,cherries,4616.5,18.9285,30.0,60.47,4080.0
F04240,coffee,25794.0,24.3853,24.0,13.5,3950.0
F04241,brinjal,19850.4,26.1144,2.0,19.45,1600.0
F04242,jojoba seeds,470.8,28.2349,52.0,17.76,2538.0
F04243,coconut,17036.7,29.0126,24.0,21.94,5200.0
F04244,mixed grain,2759.2,32.2694,50.0,26.4,7700.0
F04245,vanilla raw,288.3,22.6978,20.0,49.55,2650.0
F04246,hen eggs in shell fresh,268.0,41.1866,16.0,41.74,6300.0
F04247,other fibre crops raw n e c,105.4,18.0713,20.0,32.71,2540.0
F04248,raw hides and skins of buffaloes,335.0,17.2203,2.0,31.49,2940.0
F04249,karite nuts,1025.2,26.8047,2.0,54.8,1400.0
F04250,plantains and cooking bananas,24410.5,18.199,18.0,26.86,4070.0
F04251,hop cones,1280.8,22.608,16.0,64.48,5750.0
F04252,raw hides and skins of cattle,259.0,11.5032,2.0,35.43,2400.0
F04253,other berries and fruits of the genus vaccinium n e c,4400.0,24.0295,98.0,39.47,5195.0
F04254,coffee,12271.1,26.2081,7.0,25.01,4710.0
F04255,kidneybeans,13151.6,19.5638,30.0,68.13,2895.0
F04256,mustard,421.4,25.9748,13.0,56.19,5981.0
F04257,chickpea,4492.9,20.1187,16.0,52.97,1060.0
F04258,kidneybeans,24895.6,16.4334,28.0,48.71,6311.0
F04259,pomelos and grapefruits,9799.1,31.5324,2.0,36.05,2255.0
F04260,pigeon peas dry,806.7,24.6509,23.0,68.13,2545.0
F04261,cotton,7207.1,25.3624,68.0,69.34,7525.0
F04262,groundnut,1650.6,24.9627,24.0,57.47,4501.0
F04263,lentils dry,1087.0,25.93,12.0,23.74,6755.0
F04264,maize,750.0,21.8693,24.0,17.8,2045.0
F04265,karite nuts,1208.5,19.4179,9.0,11.08,4095.0
F04266,chillies and peppers dry raw,2003.1,30.5814,4.0,15.65,5900.0
F04267,yams,8676.4,28.9636,20.0,36.98,6700.0
F04268,rice,6111.8,21.4087,10.0,18.57,2200.0
F04269,mixed grain,2865.5,25.7304,2.0,37.85,6400.0
F04270,anise badian coriander cumin caraway fennel and juniper berries raw,902.2,20.1304,2.0,45.76,5311.0
F04271,oilcrops oil equivalent,235.2,16.2785,26.0,18.98,6900.0
F04272,cotton,125833.0,24.1439,9.0,20.67,7310.0
F04273,soybean,2520.0,20.7142,15.0,43.38,4362.0
F04274,cereals n e c,1565.8,34.5382,36.0,59.38,4575.0
F04275,pumpkins squash and gourds,18509.6,24.8892,3.0,44.59,2915.0
F04276,unmanufactured tobacco,2181.7,20.9341,2.0,41.36,2800.0
F04277,onions and shallots dry,33226.0,27.0277,26.0,28.17,6940.0
F04278,papayas,16948.7,28.0957,104.0,51.2,4130.0
F04279,melonseed,398.4,29.494,27.0,37.1,12500.0
F04280,walnuts in shell,1656.9,19.7314,6.0,52.33,2300.0
F04281,mixed grain,2813.0,18.5414,12.0,59.73,2389.0
F04282,peppermint spearmint,3687.2,31.2402,9.0,46.98,5980.0
F04283,beans dry,1505.1,8.8257,26.0,51.17,11370.0
F04284,gur,52840.1,42.9233,7.0,49.03,4585.0
F04285,sour cherries,9013.3,29.4844,24.0,22.41,1480.0
F04286,soybean,81739.0,28.9111,18.0,22.34,4080.0
F04287,raw hides and skins of buffaloes,317.0,20.5591,6.0,50.72,3050.0
F04288,flax raw or retted,514.0,21.746,12.0,35.68,2482.0
F04289,cinnamon and cinnamon tree flowers raw,1588.3,28.3636,12.0,43.64,6300.0
F04290,plantains and cooking bananas,12607.7,26.6384,11.0,41.84,2980.0
F04291,peas green,6063.0,25.7875,6.0,56.04,1225.0
F04292,vetches,766.4,19.3267,30.0,51.12,6700.0
F04293,onions and shallots dry,33258.7,29.0233,2.0,62.78,2932.0
F04294,hop cones,1548.8,26.1144,2.0,50.03,912.0
F04295,yams,18086.3,25.669,20.0,20.51,3399.0
F04296,soya beans,1144.8,17.025,4.0,47.21,1250.0
F04297,linseed,727.5,19.7509,4.0,37.03,4080.0
F04298,cow peas dry,455.6,22.5378,16.0,38.8,1730.0
F04299,banana,68481.9,27.7182,10.0,17.91,2430.0
F04300,fonio,742.9,25.2801,2.0,26.72,6900.0
F04301,plums and sloes,14499.7,25.163,9.0,27.55,4620.0
F04302,jowar,7178.2,24.4301,26.0,58.68,2200.0
F04303,kiwi fruit,10234.2,28.078,8.0,35.45,4060.0
F04304,garlic,108175.0,26.492,18.0,60.4,2700.0
F04305,avocados,39617.6,27.0956,24.0,37.27,1665.0
F04306,strawberries,34324.7,27.2743,48.0,34.08,5635.0
F04307,jojoba seeds,470.8,34.5856,8.0,10.03,5415.0
F04308,cereals primary,4593.8,16.762,16.0,38.1,8350.0
F04309,pomelos and grapefruits,8640.5,27.0962,10.0,54.42,3860.0
F04310,jojoba seeds,470.8,18.7265,2.0,21.51,6951.0
F04311,rice,2160.4,26.3136,27.0,32.93,5250.0
F04312,gur,29435.4,29.8686,6.0,55.17,3825.0
F04313,green gram,243.0,28.1991,14.0,62.83,7550.0
F04314,figs,1750.7,22.4872,5.0,42.58,3235.0
F04315,spinach,12000.0,26.2149,52.0,57.41,2300.0
F04316,raw milk of sheep,2384.0,25.669,4.0,41.2,2010.0
F04317,asparagus,2500.0,24.9146,2.0,45.71,2450.0
F04318,cashewapple,4405.4,34.1772,13.0,25.44,4310.0
F04319,sugar cane,44563.9,26.9162,3.0,41.29,7300.0
F04320,citrus fruit total,21702.7,29.3998,66.0,41.72,1756.0
F04321,natural rubber in primary forms,2265.1,24.9829,2.0,30.96,2700.0
F04322,cauliflowers and broccoli,24130.4,24.5292,9.0,40.43,7730.0
F04323,rye,1982.9,20.1264,66.0,20.31,7220.0
F04324,melonseed,665.1,26.5168,9.0,55.71,4835.0
F04325,olives,4028.3,17.1369,18.0,46.96,2250.0
F04326,apple,29530.6,22.6395,9.0,44.35,10000.0
F04327,cantaloupes and other melons,18587.1,18.2872,8.0,46.2,7200.0
F04328,abaca manila hemp raw,463.9,23.7799,21.0,65.61,4150.0
F04329,raw milk of cattle,32521.0,25.1242,20.0,25.48,2740.0
F04330,brinjal,59661.1,23.7975,2.0,28.64,1650.0
F04331,abaca manila hemp raw,154.7,20.0461,6.0,13.83,5640.0
F04332,cherries,5173.6,32.061,2.0,41.51,3875.0
F04333,millet,664.9,23.884,8.0,60.8,6800.0
F04334,seed cotton unginned,985.0,25.7131,26.0,12.04,5561.0
F04335,chillies and peppers dry raw,14145.3,29.8757,2.0,11.61,6180.0
F04336,milk total,7034.0,31.1006,6.0,15.29,1110.0
F04337,avocados,2294.0,25.1253,6.0,37.31,2300.0
F04338,cloves raw,265.1,34.6008,23.0,60.3,2300.0
F04339,oilcrops cake equivalent,710.8,30.2737,6.0,48.57,3040.0
F04340,pomegranate,6393.9,24.5598,48.0,48.73,1950.0
F04341,linseed,987.8,22.4408,4.0,39.56,4000.0
F04342,pepper raw,77.2,29.503,2.0,11.88,6986.0
F04343,peaches and nectarines,5764.9,28.4844,82.0,35.46,2342.0
F04344,melonseed,637.5,26.5435,8.0,35.43,8750.0
F04345,flax raw or retted,928.6,30.5599,19.0,40.04,6100.0
F04346,vanilla raw,200.4,29.4642,10.0,66.31,1600.0
F04347,lentil,35212.6,25.7127,50.0,43.67,6130.0
F04348,muskmelon,3685.5,29.0525,9.0,36.41,5850.0
F04349,spinach,11100.8,22.7581,9.0,50.83,3101.0
F04350,cotton,48726.4,22.7825,2.0,39.86,7065.0
F04351,pears,1000.0,27.5591,11.0,42.68,2967.0
F04352,potatoes,12695.4,19.6633,19.0,55.31,2290.0
F04353,tea leaves,1434.3,26.9164,46.0,10.81,4100.0
F04354,lettuce and chicory,20000.0,36.0435,10.0,20.87,5830.0
F04355,hen eggs in shell fresh,274.0,33.557,3.0,59.04,1280.0
F04356,pepper raw,605.2,26.4192,2.0,24.59,3865.0
F04357,grape,8677.3,13.4299,90.0,16.74,7390.0
F04358,mustard seed,416.7,19.1629,11.0,58.72,6360.0
F04359,tea leaves,1057.7,27.1013,4.0,23.11,4100.0
F04360,mango,223.3,34.7241,8.0,37.69,4200.0
F04361,raspberries,4490.7,25.2693,6.0,11.28,1145.0
F04362,eggs from other birds in shell fresh n e c,36561.0,18.9059,21.0,48.16,3750.0
F04363,raw milk of sheep,730.0,28.3333,144.0,53.33,2160.0
F04364,karite nuts,1141.3,21.5871,20.0,57.42,5902.0
F04365,cloves raw,236.0,24.6774,3.0,26.68,7900.0
F04366,walnuts in shell,7379.7,23.6408,28.0,67.69,4610.0
F04367,asparagus,4917.9,10.0108,4.0,49.21,25600.0
F04368,almonds in shell,6363.8,33.3071,4.0,56.64,5395.0
F04369,flax raw or retted,2000.0,19.5638,17.0,50.86,2525.0
F04370,other stone fruits,2500.0,17.2494,21.0,51.89,228040.0
F04371,pigeon peas dry,1031.8,29.525,28.0,66.26,5600.0
F04372,apricots,6890.9,20.2751,50.0,36.27,6000.0
F04373,cotton,6257.4,24.2947,21.0,18.55,7800.0
F04374,hen eggs in shell fresh,229.0,31.9699,20.0,69.55,5600.0
F04375,sugar crops primary,4344.5,25.8976,2.0,46.36,2270.0
F04376,sugar cane,62483.0,23.9643,2.0,51.3,2150.0
F04377,jute,2139.6,23.8158,42.0,28.7,5710.0
F04378,other citrus fruit n e c,9375.0,24.215,6.0,69.09,4000.0
F04379,soya beans,1363.5,28.9602,27.0,47.19,3800.0
F04380,other vegetables fresh n e c,21691.0,32.9703,4.0,47.34,860.0
F04381,sugar beet,56457.8,29.8075,11.0,17.84,6200.0
F04382,nutmeg mace cardamoms raw,369.8,29.8482,5.0,52.08,4300.0
F04383,cherries,4579.2,27.5219,28.0,62.18,11500.0
F04384,fruit primary,9723.6,27.6726,10.0,61.5,4490.0
F04385,beans dry,2535.4,28.6291,4.0,45.16,7101.0
F04386,other stone fruits,3235.3,28.0722,44.0,65.55,1070.0
F04387,kapok fruit,3645.4,31.4345,7.0,62.54,6008.0
F04388,raw milk of buffalo,21673.0,28.1991,4.0,21.47,1600.0
F04389,broad beans and horse beans green,5782.5,29.8929,2.0,60.87,5600.0
F04390,almonds in shell,355.7,24.0204,6.0,58.5,2750.0
F04391,cantaloupes and other melons,14257.2,24.5132,4.0,49.6,5105.0
F04392,bambara beans dry,628.4,25.2939,14.0,25.15,2301.0
F04393,natural rubber in primary forms,100.2,18.6558,2.0,52.29,2800.0
F04394,coffee green,1055.7,26.8975,54.0,38.55,4100.0
F04395,jowar,4820.3,29.869,18.0,37.61,3280.0
F04396,pineapples,7037.0,19.1207,48.0,33.34,2360.0
F04397,raw milk of camel,1529.0,23.0897,11.0,61.19,1950.0
F04398,oilcrops cake equivalent,383.7,21.8693,4.0,25.62,3500.0
F04399,raw milk of sheep,440.0,23.1281,25.0,28.83,4300.0
F04400,lemons and limes,1854.5,34.6455,78.0,23.05,3500.0
F04401,leeks and other alliaceous vegetables,5020.0,17.6656,16.0,40.3,2231.0
F04402,lemons and limes,14700.0,20.0739,6.0,47.34,7200.0
F04403,grape,4728.5,9.9499,50.0,45.1,4100.0
F04404,hen eggs in shell fresh,90739.0,30.4368,7.0,48.13,2225.0
F04405,soya beans,2578.0,9.9499,23.0,49.3,5560.0
F04406,other fibre crops raw n e c,763.1,22.7127,9.0,53.61,5600.0
F04407,linseed,1600.0,23.5013,9.0,36.18,3940.0
F04408,broad beans and horse beans green,3339.7,28.5598,12.0,44.09,4200.0
F04409,quinces,19901.3,26.6333,24.0,22.37,6830.0
F04410,other fruits n e c,6153.0,21.6585,50.0,55.9,2865.0
F04411,raw milk of cattle,11698.0,20.4895,9.0,53.98,2800.0
F04412,hen eggs in shell fresh,111357.0,17.9867,18.0,18.02,1000.0
F04413,carrot,156282.0,22.8123,6.0,41.31,1180.0
F04414,raw milk of goats,3567.0,29.7515,2.0,35.24,2425.0
F04415,carrot,33798.2,25.099,26.0,60.56,7000.0
F04416,soya beans,2863.2,33.5615,4.0,24.84,9151.0
F04417,groundnuts excluding shelled,2590.4,27.3368,26.0,17.8,2480.0
F04418,other stone fruits,4846.4,19.9289,6.0,12.91,4200.0
F04419,bajra,864.1,24.5292,10.0,41.21,2695.0
F04420,ginger raw,3666.7,29.2114,6.0,28.11,5520.0
F04421,olives,8306.7,28.7575,2.0,45.94,5300.0
F04422,cereals primary,3230.7,25.4967,3.0,62.24,4970.0
F04423,vegetables primary,42194.0,30.641,2.0,65.58,7005.0
F04424,cassava fresh,10532.2,19.6829,2.0,30.34,4750.0
F04425,gur,1938.1,26.0037,4.0,55.8,4370.0
F04426,raw hides and skins of cattle,314.0,20.2751,16.0,14.99,8000.0
F04427,pulses total,1346.7,28.4368,3.0,30.48,4180.0
F04428,raw milk of camel,1455.0,25.8488,26.0,64.69,2150.0
F04429,pulses total,3985.1,27.44,2.0,23.38,8097.0
F04430,safflower seed,724.4,22.3016,14.0,57.15,18800.0
F04431,millet,1917.6,19.2013,5.0,27.68,4000.0
F04432,raw milk of cattle,8141.0,23.6563,48.0,48.6,2250.0
F04433,other beans green,4021.3,25.1079,27.0,46.0,3040.0
F04434,pigeon peas dry,719.9,20.0837,22.0,32.7,3100.0
F04435,oil palm fruit,12468.1,20.6116,2.0,43.4,3910.0
F04436,peas dry,858.5,27.9961,50.0,11.07,4027.0
F04437,apricots,7449.8,29.7279,54.0,63.82,2272.0
F04438,kenaf and other textile bast fibres raw or retted,6472.2,29.3854,24.0,65.38,1750.0
F04439,kapok fruit,1319.5,31.2402,8.0,26.54,2200.0
F04440,other oil seeds n e c,454.5,27.3591,16.0,39.63,1701.0
F04441,soybean,8607.7,23.5022,11.0,16.95,3465.0
F04442,roots and tubers total,16390.1,27.5101,6.0,30.15,6970.0
F04443,sesame seed,1659.4,24.9704,9.0,10.27,3340.0
F04444,cow peas dry,239.0,21.5871,19.0,10.85,1605.0
F04445,jojoba seeds,470.8,24.9322,22.0,23.51,5500.0
F04446,mango,6001.4,32.2765,16.0,38.36,5400.0
F04447,cranberries,4423.0,38.2017,4.0,48.95,4300.0
F04448,cow peas dry,4208.2,18.9803,5.0,69.78,2195.0
F04449,karite nuts,2510.5,24.9322,46.0,39.45,3937.0
F04450,kapok fruit,1619.0,30.3026,20.0,43.2,2000.0
F04451,rape or colza seed,1309.7,29.4642,20.0,47.89,4000.0
F04452,coffee,1967.5,23.593,13.0,65.67,5650.0
F04453,other stone fruits,250.0,24.9264,22.0,20.22,4305.0
F04454,papaya,8370.0,42.9233,2.0,19.81,5600.0
F04455,oats,1122.3,29.2441,11.0,61.82,2435.0
F04456,groundnut,3933.3,24.0668,10.0,68.29,4750.0
F04457,other beans green,11046.6,22.6759,4.0,38.47,2340.0
F04458,bhindi,59611.2,17.4819,20.0,59.39,6500.0
F04459,asparagus,8600.0,16.3625,8.0,57.03,9500.0
F04460,chillies and peppers dry raw,6629.1,20.7122,17.0,16.0,8480.0
F04461,hen eggs in shell fresh,108.0,25.0687,20.0,35.81,4952.0
F04462,sesame seed,533.3,8.8257,6.0,51.42,2350.0
F04463,rape or colza seed,1254.2,25.6549,8.0,57.75,2100.0
F04464,cassava leaves,10000.0,23.5265,10.0,33.08,2605.0
F04465,kenaf and other textile bast fibres raw or retted,674.5,27.7265,14.0,38.32,4680.0
F04466,carrots and turnips,44937.9,27.4143,9.0,16.52,1210.0
F04467,avocados,16222.3,22.9205,4.0,60.47,4260.0
F04468,figs,7469.0,27.1314,2.0,14.21,2350.0
F04469,peaches and nectarines,3023.1,20.0022,36.0,64.84,6950.0
F04470,jute,710.5,25.2162,21.0,15.47,5622.0
F04471,green garlic,13647.7,25.4047,26.0,13.78,500.0
F04472,cashew nuts in shell,835.0,34.5142,10.0,49.37,2000.0
F04473,tomatoes,48246.3,23.1686,21.0,34.83,1400.0
F04474,jowar,973.1,23.7688,2.0,56.4,3738.0
F04475,raw milk of goats,1774.0,30.0209,15.0,27.44,2000.0
F04476,mustard,1711.5,30.3328,62.0,14.53,6100.0
F04477,sugar crops primary,43494.6,18.2623,6.0,52.19,6597.0
F04478,edible roots and tubers with high starch or inulin content n e c fresh,1544.5,29.3371,8.0,23.5,5375.0
F04479,garlic,22277.0,29.8407,14.0,56.44,2400.0
F04480,mustard seed,812.3,27.798,9.0,39.25,4215.0
F04481,hop cones,1564.6,22.0272,40.0,44.15,15020.0
F04482,bhindi,7600.0,10.8988,40.0,26.24,2400.0
F04483,bhindi,18203.9,19.4623,9.0,42.03,1100.0
F04484,sugar cane,50682.0,28.0331,24.0,60.89,6425.0
F04485,karite nuts,4384.1,20.2816,14.0,40.63,2075.0
F04486,fruit primary,8832.4,22.6171,21.0,27.31,2432.0
F04487,tallowtree seeds,2470.4,25.7601,2.0,62.34,1220.0
F04488,quinoa,1345.1,23.8681,12.0,30.73,4000.0
F04489,raw milk of cattle,22827.0,29.1959,6.0,49.21,5155.0
F04490,asparagus,9326.8,26.2507,23.0,44.49,2745.0
F04491,kidneybeans,7322.4,22.6424,48.0,46.11,9415.0
F04492,other fruits n e c,6153.0,23.7805,4.0,30.53,3000.0
F04493,spinach,8000.0,25.4091,16.0,21.86,6780.0
F04494,green gram,1644.8,39.2334,3.0,50.97,10300.0
F04495,tangerines mandarins clementines,18164.9,42.8461,2.0,60.17,6625.0
F04496,castor oil seeds,588.8,13.7032,26.0,10.66,4053.0
F04497,oilcrops cake equivalent,1273.4,24.4159,16.0,48.03,4600.0
F04498,abaca manila hemp raw,154.7,21.5335,10.0,50.98,7130.0
F04499,hempseed,472.9,31.7411,50.0,42.97,6300.0
F04500,green gram,350.2,35.9518,52.0,20.56,6580.0
F04501,avocados,4617.4,21.325,2.0,11.88,4000.0
F04502,spinach,12823.7,29.1204,9.0,57.77,5845.0
F04503,sugar crops primary,92138.2,22.3187,2.0,46.37,4145.0
F04504,figs,6020.2,29.5875,4.0,12.19,7930.0
F04505,onions and shallots dry,40380.1,29.2114,2.0,42.97,7400.0
F04506,cherries,4579.2,19.6365,2.0,55.25,1600.0
F04507,strawberries,3950.5,28.65,54.0,22.17,6130.0
F04508,mangoes guavas and mangosteens,11932.4,17.091,18.0,56.83,1290.0
F04509,poppy seed,792.8,18.7296,6.0,12.65,4060.0
F04510,raw milk of camel,253.0,24.2911,68.0,51.0,2155.0
F04511,natural rubber in primary forms,791.9,20.9937,3.0,54.01,6968.0
F04512,buckwheat,510.9,15.3247,10.0,12.32,6260.0
F04513,mustard seed,812.3,27.7736,132.0,41.2,16500.0
F04514,sugar cane,74251.6,29.1722,2.0,47.79,2800.0
F04515,sweet potatoes,22213.4,30.0855,2.0,22.32,9640.0
F04516,citrus fruit total,40521.2,23.5265,2.0,29.34,3745.0
F04517,spinach,8702.3,21.5335,26.0,20.46,4625.0
F04518,carrot,7051.0,23.5013,32.0,49.05,2500.0
F04519,orange,14803.4,24.603,8.0,60.09,2500.0
F04520,barley,3590.0,25.9203,15.0,66.16,3980.0
F04521,oats,2874.1,22.9536,18.0,41.6,2570.0
F04522,natural rubber in primary forms,1423.1,22.4742,25.0,62.96,2060.0
F04523,cranberries,2090.8,27.968,26.0,52.22,4500.0
F04524,brinjal,430.1,28.2891,2.0,60.53,1600.0
F04525,muskmelon,6103.0,29.4577,7.0,25.61,2610.0
F04526,other tropical fruits n e c,6323.2,28.128,9.0,32.17,8030.0
F04527,pineapples,20000.0,33.8635,16.0,49.13,3000.0
F04528,currants,5116.3,23.8158,12.0,14.85,4100.0
F04529,pigeon peas dry,604.2,17.828,2.0,48.69,9175.0
F04530,sugar cane,38000.0,23.8633,2.0,13.69,6090.0
F04531,papaya,5302.4,39.3005,28.0,62.77,2590.0
F04532,coffee,3863.3,23.1771,26.0,66.39,4000.0
F04533,pepper raw,901.4,31.4685,80.0,41.11,4050.0
F04534,coffee,25969.2,24.9137,2.0,37.04,6551.0
F04535,unmanufactured tobacco,0.0,41.9487,8.0,57.25,18475.0
F04536,safflower seed,1382.9,29.6995,38.0,26.21,2150.0
F04537,other stone fruits,0.0,23.0101,40.0,16.35,2800.0
F04538,olives,4505.9,16.5178,2.0,26.81,1575.0
F04539,raw milk of cattle,26181.0,26.5499,11.0,10.68,1650.0
F04540,groundnut,771.0,16.762,10.0,50.22,4500.0
F04541,vetches,1398.7,40.6601,14.0,10.18,7410.0
F04542,jute raw or retted,10741.9,20.5831,28.0,52.39,2355.0
F04543,apricots,11138.6,19.3011,11.0,65.11,5935.0
F04544,cherries,4058.8,32.238,6.0,51.21,2080.0
F04545,cauliflower,4326.6,28.8408,6.0,61.85,2890.0
F04546,sunflower seed,996.4,19.2078,2.0,26.29,6400.0
F04547,eggs primary,214111.0,20.9498,9.0,68.68,2295.0
F04548,coconut,5268.2,28.8427,28.0,13.11,6400.0
F04549,broad beans and horse beans green,1000.0,26.8437,78.0,63.68,3800.0
F04550,rye,1451.9,28.7001,10.0,14.64,4225.0
F04551,hop cones,1280.8,24.8144,36.0,16.49,5750.0
F04552,other citrus fruit n e c,5586.0,25.6732,5.0,57.05,400.0
F04553,hempseed,109.8,19.371,4.0,46.44,3702.0
F04554,cucumbers and gherkins,19332.2,25.9907,56.0,44.85,2660.0
F04555,cereals primary,6418.3,20.38,4.0,27.12,2050.0
F04556,blueberries,5751.5,33.7463,2.0,18.38,5200.0
F04557,taro,7839.2,31.2048,54.0,60.86,4500.0
F04558,plums and sloes,7635.3,29.2354,50.0,57.4,6400.0
F04559,tangerines mandarins clementines,17722.2,33.804,27.0,33.07,7051.0
F04560,roots and tubers total,8962.0,19.0781,4.0,65.7,5000.0
F04561,pepper raw,1981.2,23.1579,2.0,29.48,6845.0
F04562,raw milk of camel,253.0,27.8403,2.0,66.1,3085.0
F04563,pigeonpeas,24942.9,34.5382,18.0,23.74,6200.0
F04564,cashew nuts in shell,807.9,28.0591,4.0,36.06,2550.0
F04565,raw milk of goats,1996.0,29.1483,21.0,26.14,8590.0
F04566,kiwi fruit,23529.8,22.3551,2.0,47.69,2030.0
F04567,okra,9800.0,26.9858,38.0,68.11,15600.0
F04568,green garlic,12516.3,25.0756,84.0,49.48,5775.0
F04569,peas green,7289.6,34.5918,54.0,68.39,912.0
F04570,other fruits n e c,6909.1,28.3004,18.0,56.89,8200.0
F04571,green gram,10798.9,27.705,6.0,31.97,8620.0
F04572,cloves raw,236.0,19.8494,32.0,28.08,7630.0
F04573,cow peas dry,771.3,23.0895,2.0,14.58,1398.0
F04574,safflower seed,295.1,28.5417,6.0,55.8,6900.0
F04575,broad beans and horse beans green,3878.0,29.2114,28.0,43.01,2290.0
F04576,ginger,18.0,24.6949,44.0,28.97,5300.0
F04577,broad beans and horse beans dry,1920.6,26.7369,2.0,49.75,4200.0
F04578,sunflower seed,2631.4,23.4838,7.0,64.78,6760.0
F04579,groundnut,1723.2,31.3116,7.0,18.88,5075.0
F04580,cucumbers and gherkins,9768.0,22.7279,24.0,11.16,5950.0
F04581,plums and sloes,3449.1,27.7891,20.0,25.92,2815.0
F04582,linseed,925.0,17.0658,34.0,45.18,4224.0
F04583,other pulses n e c,1287.5,22.9184,7.0,58.79,7630.0
F04584,fibre crops fibre equivalent,2789.7,28.2048,12.0,48.32,2853.0
F04585,coconut,629.6,25.6003,6.0,22.19,2400.0
F04586,mungbean,99.0,28.2753,2.0,22.56,7200.0
F04587,onions and shallots green,18571.7,31.5621,28.0,44.17,5588.0
F04588,cocoa beans,383.1,29.2178,6.0,33.22,2685.0
F04589,fibre crops fibre equivalent,757.0,24.6932,2.0,21.71,8045.0
F04590,other sugar crops n e c,7194.5,24.2478,6.0,52.51,2460.0
F04591,other tropical fruits n e c,4872.2,19.6492,2.0,48.54,4500.0
F04592,mat leaves,6266.0,36.8916,14.0,60.67,15500.0
F04593,chestnuts in shell,2555.6,27.5644,11.0,41.52,5050.0
F04594,seed cotton unginned,1745.7,27.5935,2.0,33.4,5500.0
F04595,cashewapple,2402.9,25.9526,2.0,25.51,6740.0
F04596,cloves raw,223.9,31.7018,26.0,36.35,10300.0
F04597,other sugar crops n e c,11329.7,22.4338,2.0,23.52,2500.0
F04598,onions and shallots green,9329.3,23.6563,14.0,36.92,3500.0
F04599,karite nuts,1702.7,43.302,2.0,34.09,2255.0
F04600,chillies and peppers dry raw,3229.8,18.0955,8.0,18.6,13110.0
F04601,mixed grain,4176.9,21.5335,23.0,42.82,400.0
F04602,cloves raw,377.7,29.8785,12.0,48.69,5891.0
F04603,other pulses n e c,1518.8,23.6148,11.0,65.43,3715.0
F04604,pineapples,13132.4,26.2435,2.0,52.62,4351.0
F04605,olives,3527.1,32.7977,2.0,61.81,6000.0
F04606,strawberries,26975.6,31.0127,84.0,45.57,2515.0
F04607,other fruits n e c,12255.2,27.7182,8.0,44.12,4210.0
F04608,apricots,12426.0,26.8305,26.0,56.33,8700.0
F04609,pigeon peas dry,1031.8,29.1617,16.0,69.08,8100.0
F04610,natural rubber in primary forms,1756.5,22.792,11.0,11.39,2545.0
F04611,cashew nuts in shell,7244.6,22.2287,27.0,57.95,3680.0
F04612,green garlic,8849.5,21.2073,33.0,13.81,2650.0
F04613,mangoes guavas and mangosteens,11310.5,27.999,22.0,47.29,2375.0
F04614,sesame seed,700.0,23.0528,24.0,26.91,11000.0
F04615,raw milk of cattle,13441.0,28.3119,2.0,54.85,5950.0
F04616,bhindi,818.0,28.4365,44.0,69.42,1860.0
F04617,vegetables primary,7351.6,24.6509,12.0,21.5,3775.0
F04618,strawberries,42023.5,32.8396,2.0,55.36,6800.0
F04619,cranberries,65414.0,31.0856,38.0,47.31,5205.0
F04620,sweet potatoes,22262.5,20.8221,48.0,35.79,4200.0
F04621,cabbages,15005.8,25.7601,6.0,51.16,5622.0
F04622,ramie raw or retted,1187.5,21.7979,10.0,47.03,1800.0
F04623,okra,18000.0,30.5547,14.0,44.04,1760.0
F04624,lentil,47.0,28.0515,23.0,68.13,6075.0
F04625,pomelos and grapefruits,24724.7,29.8686,46.0,40.01,3755.0
F04626,pears,38176.0,27.2554,26.0,23.44,3830.0
F04627,pumpkins squash and gourds,1169.8,25.4079,23.0,35.87,1810.0
F04628,raw milk of camel,731.0,32.1775,36.0,15.63,1550.0
F04629,tallowtree seeds,2470.4,28.048,3.0,24.99,5150.0
F04630,karite nuts,1141.3,24.2174,23.0,36.5,6260.0
F04631,figs,3508.5,24.6323,14.0,21.63,4500.0
F04632,raw hides and skins of goats or kids,24.0,24.2513,54.0,55.92,7500.0
F04633,cinnamon and cinnamon tree flowers raw,664.9,27.3254,2.0,18.1,3900.0
F04634,nutmeg mace cardamoms raw,514.0,21.972,5.0,20.31,1950.0
F04635,onions and shallots dry,32778.9,17.3084,12.0,30.67,3950.0
F04636,mangoes guavas and mangosteens,4744.6,27.8732,24.0,52.98,2335.0
F04637,peas dry,299.9,26.8863,13.0,33.79,20775.0
F04638,carrots and turnips,19304.3,20.3908,10.0,32.67,7815.0
F04639,oats,6643.8,29.2114,4.0,57.4,5985.0
F04640,other vegetables fresh n e c,3961.5,22.4332,56.0,48.18,5325.0
F04641,cashewapple,3790.7,29.1431,2.0,59.09,7501.0
F04642,blackgram,4340.9,27.8259,16.0,20.57,4080.0
F04643,other nuts in shell n e c,2137.0,11.0211,2.0,43.78,5370.0
F04644,eggs primary,54286.0,25.1475,46.0,14.23,7270.0
F04645,cauliflower,5708.3,23.3169,12.0,21.58,1885.0
F04646,other stone fruits,5557.1,19.3061,7.0,53.88,6640.0
F04647,rape or colza seed,2406.6,26.9858,26.0,21.45,6201.0
F04648,canary seed,405.2,22.5526,10.0,23.84,4000.0
F04649,apple,16857.5,21.1316,4.0,56.96,8765.0
F04650,blackgram,668.2,25.6584,2.0,47.17,2270.0
F04651,other berries and fruits of the genus vaccinium n e c,11873.4,27.0618,26.0,54.71,2450.0
F04652,fonio,875.9,33.4687,27.0,50.83,5990.0
F04653,wheat,5201.7,25.2978,5.0,64.77,2674.0
F04654,raw milk of goats,2749.0,23.6681,10.0,28.12,7700.0
F04655,oilcrops oil equivalent,714.9,23.3055,10.0,40.36,19100.0
F04656,tomatoes,15480.0,24.9945,2.0,60.68,3920.0
F04657,jute,16029.5,23.2808,16.0,46.98,6210.0
F04658,cassava fresh,1760.9,24.2478,5.0,69.2,6000.0
F04659,melonseed,641.6,25.3412,2.0,11.86,1750.0
F04660,rape or colza seed,666.7,20.6152,4.0,46.4,5350.0
F04661,papaya,16847.2,42.3941,54.0,23.47,5905.0
F04662,raw milk of buffalo,5000.0,26.7575,38.0,31.75,3815.0
F04663,lupins,667.6,27.8263,2.0,33.34,6351.0
F04664,sisal raw,645.1,28.4365,22.0,21.01,1025.0
F04665,chillies and peppers dry raw,3445.5,31.3116,2.0,55.69,6000.0
F04666,quinoa,1345.1,20.5798,98.0,35.47,3750.0
F04667,peas green,5076.2,39.0179,5.0,30.65,6775.0
F04668,mustard seed,821.2,23.3036,20.0,61.12,7549.0
F04669,raspberries,5189.0,24.9209,12.0,14.5,6270.0
F04670,figs,3250.0,28.8786,7.0,15.19,9045.0
F04671,lupins,2230.8,22.2942,40.0,17.96,2500.0
F04672,pomelos and grapefruits,24724.7,29.628,2.0,57.56,4350.0
F04673,tung nuts,890.7,21.8117,27.0,48.91,3650.0
F04674,ginger,29180.2,23.4382,2.0,18.69,3670.0
F04675,cauliflowers and broccoli,20383.0,23.7876,9.0,51.57,6050.0
F04676,peppermint spearmint,18442.0,24.7125,6.0,51.88,7000.0
F04677,cereals primary,5706.0,30.0263,26.0,50.28,7651.0
F04678,sugar crops primary,50000.0,35.8309,14.0,19.66,5900.0
F04679,banana,5565.9,29.1483,66.0,29.15,1740.0
F04680,oil palm fruit,12468.1,26.2724,4.0,16.34,6950.0
F04681,other citrus fruit n e c,12773.9,25.669,23.0,61.01,4200.0
F04682,sunflower seed,1898.9,28.5417,7.0,57.33,6440.0
F04683,cranberries,23670.0,32.893,11.0,24.49,4415.0
F04684,chicory roots,21203.2,17.3084,4.0,48.55,2600.0
F04685,oats,1715.8,28.4954,18.0,66.51,3500.0
F04686,fonio,645.2,28.6148,6.0,38.85,2480.0
F04687,mango,6735.3,35.5385,24.0,45.88,2600.0
F04688,pomegranate,1199.1,18.0713,16.0,49.65,5750.0
F04689,other stimulant spice and aromatic crops n e c,1189.5,22.7445,18.0,36.31,5800.0
F04690,taro,5831.5,23.1141,24.0,54.63,1200.0
F04691,jute,124000.0,26.2831,24.0,32.92,490.0
F04692,soybean,2357.7,29.2178,50.0,35.14,4100.0
F04693,walnuts in shell,2940.4,21.0525,5.0,48.55,6000.0
F04694,fruit primary,11974.7,34.6008,7.0,17.3,5902.0
F04695,sweet potatoes,11976.5,24.3556,16.0,56.14,7060.0
F04696,mango,66464.8,31.8664,27.0,64.98,1430.0
F04697,leeks and other alliaceous vegetables,3889.8,35.3999,2.0,21.4,1795.0
F04698,onions and shallots dry,51820.7,25.376,2.0,39.45,2850.0
F04699,triticale,5476.0,24.3277,10.0,44.29,4400.0
F04700,other berries and fruits of the genus vaccinium n e c,1424.5,29.6723,2.0,12.17,7551.0
F04701,karite nuts,1731.2,26.6533,10.0,11.35,5787.0
F04702,other fibre crops raw n e c,3002.2,18.6233,6.0,68.98,2425.0
F04703,triticale,3994.1,22.4431,6.0,58.31,2555.0
F04704,raw hides and skins of cattle,294.0,22.1694,4.0,55.04,2830.0
F04705,other vegetables fresh n e c,19597.5,27.7333,16.0,41.49,6470.0
F04706,mustard seed,1116.3,29.653,9.0,63.62,2500.0
F04707,pepper raw,447.8,21.2543,15.0,64.39,515.0
F04708,garlic,1973.7,16.3625,14.0,55.78,14320.0
F04709,roots and tubers total,4224.3,29.3371,4.0,30.39,5455.0
F04710,other nuts in shell n e c,230.9,27.553,23.0,27.93,7230.0
F04711,lemons and limes,10088.7,20.4508,32.0,66.24,3700.0
F04712,cabbages,15005.8,25.5042,22.0,11.63,6000.0
F04713,eggplants,23973.9,29.5724,13.0,54.55,5500.0
F04714,raw hides and skins of goats or kids,20.0,29.3679,5.0,50.48,5000.0
F04715,other vegetables fresh n e c,13483.6,33.9368,32.0,55.08,2630.0
F04716,sugar cane,52929.7,25.2925,32.0,41.4,20110.0
F04717,plantains and cooking bananas,6582.8,24.3853,6.0,18.18,3990.0
F04718,cabbage,14514.1,22.8123,5.0,41.65,4900.0
F04719,oil palm fruit,8508.1,26.8748,30.0,49.7,3860.0
F04720,broad beans and horse beans green,6646.5,32.5125,4.0,58.9,1730.0
F04721,chillies and peppers green,40447.8,20.7122,16.0,43.37,6010.0
F04722,garlic,51596.6,26.672,12.0,45.73,7260.0
F04723,chicory roots,5872.8,25.3104,2.0,21.06,17600.0
F04724,hazelnuts in shell,1804.7,23.8083,2.0,47.53,1685.0
F04725,citrus fruit total,13259.8,31.2279,2.0,10.06,2540.0
F04726,oil palm fruit,9851.7,25.1575,10.0,65.72,5985.0
F04727,apple,15512.6,23.6414,2.0,46.97,6850.0
F04728,cashewapple,2587.6,30.9491,23.0,34.97,7471.0
F04729,unmanufactured tobacco,956.5,26.2904,22.0,17.66,3000.0
F04730,plantains and cooking bananas,1826.9,33.7463,2.0,59.58,4000.0
F04731,cauliflower,62183.1,26.7351,10.0,13.06,1365.0
F04732,apple,16809.0,22.4431,17.0,45.98,8375.0
F04733,tung nuts,5030.1,25.5074,90.0,26.62,4905.0
F04734,true hemp raw or retted,1428.6,21.2073,8.0,34.17,3100.0
F04735,cantaloupes and other melons,26946.1,24.8395,30.0,14.31,4025.0
F04736,spinach,5607.8,21.1435,2.0,33.47,1900.0
F04737,sesame seed,1020.7,28.3869,6.0,33.41,7346.0
F04738,raw milk of camel,253.0,36.7509,4.0,69.87,2700.0
F04739,chickpea,8549.7,17.8156,48.0,59.17,4750.0
F04740,cereals n e c,994.3,28.609,27.0,14.95,6300.0
F04741,abaca manila hemp raw,463.9,29.6885,6.0,36.6,4050.0
F04742,other berries and fruits of the genus vaccinium n e c,5027.3,25.669,52.0,64.87,2000.0
F04743,other fruits n e c,5971.9,20.6116,26.0,44.42,4400.0
F04744,mothbeans,2256.0,31.4651,16.0,65.62,4100.0
F04745,mango,1281.8,31.9949,52.0,41.28,3800.0
F04746,pumpkins squash and gourds,21988.1,22.9184,10.0,19.2,2400.0
F04747,ginger raw,11200.3,21.7018,16.0,39.0,2415.0
F04748,citrus fruit total,5133.3,15.7737,2.0,50.74,6400.0
F04749,other stimulant spice and aromatic crops n e c,3199.4,19.0794,17.0,48.31,4700.0
F04750,cabbage,24005.1,22.6171,8.0,39.74,1800.0
F04751,poppy seed,1065.6,11.8277,11.0,23.65,6500.0
F04752,pomegranate,1192.6,21.2543,9.0,46.97,3280.0
F04753,raw milk of camel,2458.0,25.2925,11.0,60.56,5800.0
F04754,cauliflowers and broccoli,19278.0,23.6412,50.0,50.7,1580.0
F04755,hen eggs in shell fresh,59.0,30.0209,2.0,32.1,2545.0
F04756,natural rubber in primary forms,62.8,32.8632,12.0,62.02,2600.0
F04757,cloves raw,1206.5,19.6783,36.0,34.84,6005.0
F04758,chick peas dry,2176.2,18.5499,6.0,19.3,5675.0
F04759,muskmelon,11904.3,29.5724,3.0,11.57,2600.0
F04760,strawberries,13254.0,19.4865,9.0,18.93,2270.0
F04761,pumpkins squash and gourds,88181.8,27.1616,24.0,60.82,3200.0
F04762,lettuce and chicory,18334.6,31.8685,13.0,48.49,5900.0
F04763,raw milk of buffalo,16444.0,23.7509,66.0,19.35,1090.0
F04764,raw milk of camel,1063.0,28.128,4.0,32.57,2590.0
F04765,olives,105.3,19.5431,44.0,18.12,1860.0
F04766,broad beans and horse beans green,2857.5,8.8257,46.0,16.52,16000.0
F04767,maize,2676.9,18.9285,21.0,57.01,2205.0
F04768,green gram,5767.2,18.2541,4.0,64.91,5430.0
F04769,buckwheat,729.3,33.2026,9.0,32.7,2845.0
F04770,nutmeg mace cardamoms raw,7282.7,23.8911,3.0,26.81,2460.0
F04771,seed cotton unginned,419.4,34.1307,8.0,14.04,10380.0
F04772,other oil seeds n e c,737.8,17.1419,2.0,14.97,5650.0
F04773,cassava leaves,10000.0,30.3026,52.0,35.57,15500.0
F04774,raw hides and skins of goats or kids,27.0,21.4453,10.0,43.3,4450.0
F04775,currants,282.1,25.2347,4.0,25.35,3300.0
F04776,mat leaves,6266.0,17.4804,27.0,34.92,6270.0
F04777,areca nuts,509.4,26.1387,5.0,44.68,5345.0
F04778,orange,20227.7,16.1482,2.0,14.75,4600.0
F04779,ginger,637.1,29.8075,5.0,20.12,5470.0
F04780,oilcrops oil equivalent,1105.5,28.5701,4.0,35.2,24275.0
F04781,wheat,1708.3,23.095,22.0,22.41,2560.0
F04782,taro,7523.3,25.5308,38.0,32.02,2650.0
F04783,pumpkins squash and gourds,19500.0,39.3005,2.0,24.2,5300.0
F04784,mustard,3480.0,32.8873,2.0,68.85,6511.0
F04785,groundnuts excluding shelled,2590.4,31.5268,4.0,21.72,10300.0
F04786,cabbage,9597.8,22.7704,7.0,27.04,4000.0
F04787,green garlic,3136.8,27.3001,84.0,10.35,2550.0
F04788,jute,4409.0,25.9783,8.0,18.92,6405.0
F04789,apricots,1560.0,24.3697,15.0,38.76,3650.0
F04790,papayas,137155.6,28.9545,2.0,12.68,800.0
F04791,other tropical fruits n e c,12899.4,26.4177,144.0,45.9,6211.0
F04792,yautia,10500.0,13.285,20.0,48.81,2093.0
F04793,onions and shallots dry,14166.1,29.3432,24.0,67.77,3120.0
F04794,chick peas dry,1853.1,28.278,27.0,58.89,5771.0
F04795,lemons and limes,1380.4,37.1317,26.0,51.75,4650.0
F04796,arhar,16901.8,28.8408,2.0,38.95,9590.0
F04797,citrus fruit total,18882.1,22.7823,5.0,61.02,5672.0
F04798,cashew nuts in shell,408.1,26.5958,4.0,24.31,2100.0
F04799,tung nuts,890.7,24.7463,30.0,53.29,2038.0
F04800,canary seed,1092.6,27.3459,10.0,65.68,1585.0
F04801,rye,2027.0,35.7878,9.0,32.42,1640.0
F04802,bambara beans dry,1050.8,25.1964,2.0,49.15,6720.0
F04803,peaches and nectarines,17804.6,17.1701,26.0,13.99,2490.0
F04804,vanilla raw,166.1,27.2554,10.0,62.68,3755.0
F04805,chillies and peppers dry raw,3045.0,12.5909,9.0,39.49,3650.0
F04806,melonseed,536.3,28.0866,2.0,59.82,6950.0
F04807,yautia,11749.9,22.7825,7.0,44.89,820.0
F04808,chillies and peppers dry raw,3557.1,20.5591,8.0,15.72,2125.0
F04809,mat leaves,5465.1,18.7299,24.0,10.52,5140.0
F04810,kidneybeans,5366.0,24.5132,11.0,61.1,6035.0
F04811,coconuts in shell,3931.3,30.4124,2.0,64.41,7800.0
F04812,abaca manila hemp raw,1154.0,23.8494,6.0,21.99,2682.0
F04813,other fruits n e c,4707.4,19.6365,5.0,47.84,6900.0
F04814,sweet potatoes,22368.8,12.7568,6.0,52.33,5200.0
F04815,tomatoes,169166.7,22.0391,10.0,51.54,1905.0
F04816,castor oil seeds,1666.7,18.7393,5.0,34.26,3181.0
F04817,other berries and fruits of the genus vaccinium n e c,6057.3,11.8993,5.0,31.14,2470.0
F04818,tung nuts,2550.7,29.4346,9.0,30.54,5850.0
F04819,chestnuts in shell,9000.0,25.3659,26.0,10.06,2300.0
F04820,asparagus,8600.0,29.7701,4.0,39.81,2800.0
F04821,other vegetables fresh n e c,5827.6,23.884,4.0,44.34,4750.0
F04822,mango,31500.0,32.893,26.0,58.42,10800.0
F04823,cabbage,28386.0,30.0159,2.0,44.96,980.0
F04824,pears,10700.0,19.7314,9.0,11.59,4280.0
F04825,ginger,852.0,27.5938,28.0,44.88,8470.0
F04826,chilli,1513.3,15.3247,14.0,13.41,2600.0
F04827,pears,7742.9,25.3269,7.0,56.32,6875.0
F04828,sugar cane,53865.7,32.4765,5.0,30.82,7180.0
F04829,chestnuts in shell,1564.8,35.386,16.0,34.89,14200.0
F04830,yautia,9092.7,27.3137,2.0,10.04,3400.0
F04831,mustard,6963.1,23.0895,2.0,30.1,5900.0
F04832,walnuts in shell,1616.6,27.9497,16.0,35.93,3040.0
F04833,tea leaves,5432.3,27.6383,30.0,67.94,1800.0
F04834,vanilla raw,115.8,32.5125,50.0,39.52,3951.0
F04835,coconut,13038.3,26.1396,10.0,19.51,2111.0
F04836,eggs primary,18515.0,26.1387,22.0,68.88,1600.0
F04837,raspberries,9000.0,20.0454,26.0,24.76,8760.0
F04838,cotton,708.9,22.9536,7.0,52.29,7665.0
F04839,walnuts in shell,1775.6,27.6726,10.0,41.34,3020.0
F04840,areca nuts,2351.0,23.8974,11.0,45.3,4535.0
F04841,raw hides and skins of goats or kids,19.0,33.9531,6.0,64.46,5850.0
F04842,chestnuts in shell,1438.2,22.4725,10.0,47.29,2330.0
F04843,poppy seed,692.7,27.5728,20.0,13.93,1700.0
F04844,other pulses n e c,978.1,26.8008,13.0,28.42,5300.0
F04845,oilcrops cake equivalent,747.4,29.8407,11.0,19.74,5827.0
F04846,poppy seed,692.7,25.331,11.0,34.9,6900.0
F04847,soya beans,2257.1,32.5004,16.0,63.63,2180.0
F04848,onions and shallots dry,33258.7,18.0955,21.0,19.18,775.0
F04849,kidneybeans,27166.8,24.1638,16.0,26.3,4320.0
F04850,apple,40710.3,22.1345,32.0,68.77,10420.0
F04851,melonseed,472.9,42.9337,2.0,34.09,4000.0
F04852,other oil seeds n e c,753.3,23.0595,18.0,16.9,6200.0
F04853,avocados,26661.4,27.1995,8.0,19.03,1600.0
F04854,quinoa,826.0,24.859,36.0,40.41,3737.0
F04855,raw milk of goats,621.0,20.2837,2.0,33.56,5880.0
F04856,edible roots and tubers with high starch or inulin content n e c fresh,15045.2,29.3769,2.0,11.5,1980.0
F04857,fruit primary,2451.0,29.9371,32.0,45.71,6750.0
F04858,tangerines mandarins clementines,15137.1,25.2605,2.0,35.81,2792.0
F04859,taro,11224.7,27.3222,11.0,25.91,3570.0
F04860,raspberries,1306.3,22.6265,16.0,24.42,5800.0
F04861,ginger,6257.7,28.2891,10.0,34.73,4150.0
F04862,other oil seeds n e c,894.8,21.2131,13.0,43.3,18500.0
F04863,strawberries,2000.0,27.0093,3.0,52.42,2412.5
F04864,cloves raw,1235.8,24.1219,10.0,55.08,1580.0
F04865,kola nuts,454.8,23.8572,2.0,38.55,7750.0
F04866,ginger,1803.2,29.6072,2.0,19.55,3920.0
F04867,other oil seeds n e c,439.1,27.3179,60.0,25.02,2448.0
F04868,jowar,6015.6,23.5794,24.0,68.86,3630.0
F04869,raw hides and skins of sheep or lambs,29.0,28.6721,28.0,26.7,6900.0
F04870,other fibre crops raw n e c,774.6,18.8688,28.0,41.23,6167.0
F04871,sugar beet,52578.3,20.1237,22.0,47.4,2720.0
F04872,pomegranate,20010.8,24.5681,4.0,52.51,2120.0
F04873,jowar,1079.1,14.78,18.0,53.99,3740.0
F04874,pineapples,16925.9,18.4167,9.0,57.33,830.0
F04875,watermelon,15173.4,26.0714,2.0,44.95,6800.0
F04876,canary seed,405.2,26.9245,27.0,36.39,6285.0
F04877,avocados,8791.6,31.2279,2.0,57.95,5506.0
F04878,papaya,4219.3,42.5474,3.0,31.57,4054.0
F04879,raw hides and skins of goats or kids,30.0,35.8931,54.0,33.4,2935.0
F04880,green garlic,12516.3,17.0007,34.0,23.59,9350.0
F04881,tea leaves,4346.3,25.7082,27.0,57.64,27900.0
F04882,yautia,11701.3,29.2039,32.0,15.42,3955.0
F04883,linseed,1029.8,18.2877,2.0,67.27,7311.0
F04884,hempseed,6356.8,24.8973,16.0,26.86,4930.0
F04885,onions and shallots green,26206.0,22.3125,6.0,46.63,12500.0
F04886,broad beans and horse beans dry,1699.7,29.5566,28.0,36.09,6300.0
F04887,green gram,8456.0,28.069,2.0,60.49,6505.0
F04888,gooseberries,1714.3,28.0664,21.0,20.21,400.0
F04889,okra,12069.2,26.2081,5.0,26.44,3300.0
F04890,other pulses n e c,1232.7,23.6668,2.0,33.75,950.0
F04891,areca nuts,1686.1,10.7869,5.0,61.07,550.0
F04892,hen eggs in shell fresh,210.0,27.9268,6.0,10.87,2243.0
F04893,cucumbers and gherkins,8246.8,27.2371,2.0,41.11,5450.0
F04894,oats,4492.9,29.6995,5.0,57.04,5500.0
F04895,carrot,387.2,24.2513,16.0,22.91,8000.0
F04896,green corn,25920.5,24.8144,10.0,24.28,2568.0
F04897,mangoes guavas and mangosteens,6676.1,26.3105,10.0,67.69,3025.0
F04898,papayas,48908.7,24.8891,4.0,38.29,2555.0
F04899,rye,5802.6,20.9389,28.0,12.52,1710.0
F04900,citrus fruit total,17494.9,19.9722,11.0,31.86,1900.0
F04901,other stone fruits,13814.5,32.6616,2.0,33.97,2260.0
F04902,canary seed,2746.1,28.262,40.0,40.94,2094.0
F04903,pigeon peas dry,11500.0,26.7343,9.0,35.49,4600.0
F04904,hazelnuts in shell,518.6,17.5745,6.0,17.95,7000.0
F04905,artichokes,16566.0,18.9059,5.0,45.91,5505.0
F04906,olives,3220.9,17.6656,2.0,45.56,6925.0
F04907,lentil,38396.0,26.0303,24.0,55.99,6500.0
F04908,sisal raw,549.1,22.6265,2.0,23.69,2950.0
F04909,cassava fresh,22089.3,26.5272,6.0,66.93,1610.0
F04910,strawberries,11269.3,26.2292,5.0,21.29,7280.0
F04911,raw milk of sheep,526.0,20.1302,56.0,22.0,2251.0
F04912,other stimulant spice and aromatic crops n e c,855.6,24.4301,8.0,49.12,4170.0
F04913,artichokes,12890.8,25.0017,54.0,53.94,1725.0
F04914,pepper raw,1732.3,24.2513,20.0,30.68,4300.0
F04915,gooseberries,7866.7,27.5101,9.0,20.33,10000.0
F04916,natural rubber in primary forms,1087.0,26.2081,10.0,45.08,6500.0
F04917,ginger raw,3360.7,18.8202,6.0,43.26,2500.0
F04918,peas dry,1225.2,29.6723,24.0,46.99,4040.0
F04919,cauliflowers and broccoli,19605.1,18.8688,24.0,46.24,8900.0
F04920,tea leaves,5171.0,26.3577,2.0,26.08,1800.0
F04921,raw hides and skins of sheep or lambs,18.0,8.8257,104.0,47.74,6810.0
F04922,kenaf and other textile bast fibres raw or retted,1364.0,20.995,2.0,62.11,2600.0
F04923,cashew nuts in shell,456.2,23.0389,6.0,12.34,4223.0
F04924,wheat,3000.0,27.5826,10.0,35.66,2470.0
F04925,onions and shallots green,24168.1,18.812,9.0,48.54,250.0
F04926,plums and sloes,7265.3,18.0969,38.0,43.16,2460.0
F04927,fruit primary,5341.0,27.3337,4.0,17.23,4950.0
F04928,peas dry,1664.1,12.7568,78.0,24.67,5780.0
F04929,pigeon peas dry,806.7,29.5161,2.0,40.99,2275.0
F04930,coffee green,876.5,41.3611,4.0,34.74,5420.0
F04931,tallowtree seeds,2470.4,32.6807,54.0,64.53,5800.0
F04932,groundnut,7244.6,24.1709,2.0,31.83,5000.0
F04933,pomelos and grapefruits,11052.7,27.1082,9.0,31.68,4256.0
F04934,other sugar crops n e c,13099.4,29.0296,21.0,29.61,7210.0
F04935,watermelon,21874.3,25.8976,2.0,61.42,6650.0
F04936,pomegranate,337.0,19.6829,44.0,69.63,6460.0
F04937,pears,32018.2,29.7515,18.0,65.77,2670.0
F04938,hop cones,1533.3,19.0206,36.0,44.84,6305.0
F04939,carrot,4727.3,18.8761,5.0,50.45,1050.0
F04940,treenuts total,3403.2,25.6274,8.0,35.65,2100.0
F04941,pomelos and grapefruits,10893.0,21.9856,4.0,24.21,3830.0
F04942,sour cherries,1302.0,25.8648,9.0,28.77,5990.0
F04943,tea leaves,6400.2,26.7949,120.0,21.83,6600.0
F04944,cashew nuts in shell,368.2,28.4954,9.0,11.51,1770.0
F04945,coffee green,613.5,29.0991,23.0,24.18,2383.0
F04946,mungbean,603.0,29.653,52.0,53.77,6150.0
F04947,raw hides and skins of buffaloes,433.0,17.1701,54.0,46.88,2000.0
F04948,cotton,16228.6,25.9678,6.0,23.07,6980.0
F04949,kola nuts,417.6,24.2947,6.0,47.82,2414.0
F04950,other sugar crops n e c,7194.5,23.603,8.0,29.13,2125.0
F04951,jojoba seeds,470.8,23.503,5.0,33.2,2370.0
F04952,eggs primary,116652.0,22.0272,4.0,63.01,4920.0
F04953,garlic,670.2,23.6537,2.0,61.3,20500.0
F04954,wheat,4826.3,29.1253,14.0,48.75,2490.0
F04955,yams,6316.7,19.4832,7.0,18.7,6200.0
F04956,pineapples,34901.8,25.033,10.0,61.68,3850.0
F04957,unmanufactured tobacco,999.1,18.7068,15.0,15.3,3275.0
F04958,muskmelon,25278.0,27.3001,3.0,46.92,4870.0
F04959,other berries and fruits of the genus vaccinium n e c,2544.1,26.9821,4.0,34.06,1630.0
F04960,flax raw or retted,928.6,31.3492,24.0,67.32,6800.0
F04961,mustard,2120.5,27.9497,54.0,58.1,5660.0
F04962,mixed grain,1851.9,26.0887,2.0,56.63,2900.0
F04963,other nuts in shell n e c,1000.2,19.9185,2.0,14.94,2320.0
F04964,other tropical fruits n e c,2586.2,28.4452,6.0,28.52,4255.0
F04965,ginger raw,12606.4,27.7333,2.0,17.45,2400.0
F04966,chillies and peppers dry raw,1073.7,22.491,2.0,40.43,970.0
F04967,sweet potatoes,15713.1,12.5909,10.0,50.48,4200.0
F04968,other stimulant spice and aromatic crops n e c,601.7,29.8789,8.0,46.43,1635.0
F04969,garlic,3857.1,26.3404,90.0,63.74,3600.0
F04970,grape,21728.9,41.2073,10.0,61.58,4331.0
F04971,raw milk of goats,6651.0,22.9143,9.0,34.11,1800.0
F04972,cabbage,3677.8,27.705,2.0,64.79,1243.0
F04973,nutmeg mace cardamoms raw,369.8,19.6783,5.0,22.36,2421.0
F04974,cauliflowers and broccoli,13312.5,21.7979,2.0,63.59,2985.0
F04975,eggplants,72944.0,25.9678,2.0,41.68,6950.0
F04976,artichokes,23246.3,19.1629,82.0,56.64,2775.0
F04977,strawberries,24941.6,23.4538,10.0,22.52,1820.0
F04978,cereals n e c,1565.8,22.7277,4.0,39.57,5755.0
F04979,strawberries,24496.2,19.5922,6.0,19.79,5350.0
F04980,broad beans and horse beans dry,2404.0,15.6321,26.0,22.93,7300.0
F04981,chicory roots,8141.7,35.3915,2.0,22.32,6400.0
F04982,pumpkins squash and gourds,11918.3,29.0959,13.0,61.66,3500.0
F04983,muskmelon,568.5,29.6924,23.0,23.63,4000.0
F04984,figs,9021.7,27.6675,24.0,46.71,4565.0
F04985,natural rubber in primary forms,1623.1,27.5591,10.0,42.65,6655.0
F04986,mustard,589.2,27.5728,25.0,41.15,6868.0
F04987,castor oil seeds,726.2,21.5794,2.0,39.23,16500.0
F04988,pineapples,29484.1,23.5696,12.0,47.05,5896.0
F04989,maize,5548.2,25.7718,48.0,21.05,2333.0
F04990,sugar crops primary,82400.3,25.2995,50.0,12.9,1500.0
F04991,other fibre crops raw n e c,595.6,25.3104,6.0,20.3,6180.0
F04992,unmanufactured tobacco,1820.2,29.6924,5.0,43.1,6992.0
F04993,artichokes,10000.0,28.1494,144.0,64.2,3250.0
F04994,other fibre crops raw n e c,65.2,19.4559,50.0,15.69,6055.0
F04995,leeks and other alliaceous vegetables,16945.4,24.995,5.0,13.35,6820.0
F04996,persimmons,10127.5,25.7082,24.0,41.83,5110.0
F04997,spinach,12179.4,19.5223,26.0,37.1,2500.0
F04998,string beans,9120.1,22.6424,24.0,15.8,2400.0
F04999,bhindi,29739.4,23.0101,120.0,55.02,2600.0
F05000,eggs from other birds in shell fresh n e c,81739.0,27.8259,80.0,16.73,2300.0
F05001,muskmelon,75043.8,27.9878,12.0,20.38,6500.0
F05002,jojoba seeds,470.8,19.711,6.0,15.0,5250.0
F05003,milk total,1803.0,34.5142,2.0,20.86,2130.0
F05004,almonds in shell,1771.9,19.2583,14.0,19.2,2500.0
F05005,pyrethrum dried flowers,514.3,36.0042,10.0,22.79,5665.0
F05006,jowar,3284.5,19.9526,11.0,47.37,4205.0
F05007,broad beans and horse beans dry,2082.0,23.986,13.0,39.18,5841.0
F05008,beans dry,824.6,19.9133,3.0,50.34,3000.0
F05009,tung nuts,4297.3,26.2706,38.0,26.62,4900.0
F05010,raspberries,6184.8,27.8732,17.0,24.0,15000.0
F05011,unmanufactured tobacco,1167.6,29.9435,18.0,40.75,5700.0
F05012,chillies and peppers dry raw,1010.9,29.384,36.0,36.36,6425.0
F05013,cereals n e c,997.9,27.1071,20.0,37.86,4050.0
F05014,barley,3294.2,25.1119,54.0,67.0,7750.0
F05015,chicory roots,29917.2,33.796,24.0,63.19,7000.0
F05016,coffee green,1331.0,27.8263,10.0,29.67,2000.0
F05017,potatoes,30218.5,27.553,3.0,60.31,6200.0
F05018,sugar beet,47285.5,31.5621,10.0,21.13,22000.0
F05019,other vegetables fresh n e c,12953.2,19.3061,5.0,62.76,5350.0
F05020,vanilla raw,194.2,23.38,2.0,26.45,2100.0
F05021,chickpea,1224.7,17.485,44.0,42.93,6900.0
F05022,hen eggs in shell fresh,286.0,25.7854,10.0,25.85,7485.0
F05023,safflower seed,704.1,18.3312,13.0,17.15,4525.0
F05024,areca nuts,1740.7,28.1746,4.0,35.1,2365.0
F05025,treenuts total,341.7,24.3853,104.0,49.43,750.0
F05026,eggs from other birds in shell fresh n e c,28083.0,29.3403,6.0,47.08,2340.0
F05027,pumpkins squash and gourds,10000.0,30.1729,32.0,12.98,5060.0
F05028,millet,885.4,23.2068,8.0,26.13,572.0
F05029,peas dry,363.8,18.4116,5.0,28.49,1975.0
F05030,chicory roots,38378.9,26.2727,36.0,36.76,2800.0
F05031,other citrus fruit n e c,5366.7,17.1369,2.0,29.67,2397.0
F05032,ramie raw or retted,1844.9,26.5435,2.0,22.63,2500.0
F05033,flax raw or retted,400.0,27.5391,11.0,69.37,4085.0
F05034,hempseed,472.9,21.355,10.0,52.93,2210.0
F05035,other nuts in shell n e c,1120.7,26.0887,2.0,45.21,3825.0
F05036,agave fibres raw n e c,690.6,30.9969,5.0,56.73,6210.0
F05037,raw hides and skins of buffaloes,335.0,28.1746,13.0,17.27,2275.0
F05038,cassava leaves,10000.0,27.7736,2.0,21.89,5375.0
F05039,melonseed,183.8,27.8205,2.0,69.52,6900.0
F05040,eggplants,16889.8,26.8008,14.0,59.72,4270.0
F05041,cranberries,2013.0,28.1494,38.0,55.89,5450.0
F05042,millet,1478.7,27.9429,7.0,54.48,6100.0
F05043,oats,1053.9,43.6755,10.0,26.98,4276.0
F05044,jowar,6015.6,26.0597,14.0,29.07,2240.0
F05045,avocados,24571.5,26.2081,7.0,12.46,1900.0
F05046,jowar,510.3,22.0278,90.0,53.68,2940.0
F05047,lettuce and chicory,29922.0,23.3357,4.0,44.43,11000.0
F05048,canary seed,2746.1,25.9203,66.0,18.1,720.0
F05049,lupins,591.2,21.1435,4.0,57.22,2425.0
F05050,oilcrops oil equivalent,280.7,28.2278,16.0,37.41,13250.0
F05051,cantaloupes and other melons,22102.8,25.5042,2.0,23.42,2935.0
F05052,quinces,12451.2,24.9236,6.0,38.49,3200.0
F05053,persimmons,3484.6,27.4271,38.0,21.76,1578.0
F05054,other pome fruits,4142.4,20.1608,26.0,68.88,4605.0
F05055,eggs primary,98094.0,28.078,7.0,40.35,4070.0
F05056,coffee,56876.8,23.079,2.0,20.69,5799.0
F05057,gur,17137.6,29.7871,36.0,13.22,4035.0
F05058,tallowtree seeds,2470.4,26.9164,3.0,25.67,7210.0
F05059,orange,17744.1,28.262,50.0,33.52,3780.0
F05060,mustard,2014.0,22.3663,68.0,28.02,5820.0
F05061,arhar,16400.0,21.5357,14.0,42.37,6375.0
F05062,green garlic,10238.6,21.4087,12.0,33.09,5800.0
F05063,chick peas dry,745.6,28.7993,23.0,45.29,7175.0
F05064,mustard seed,1014.5,19.3061,11.0,31.87,2570.0
F05065,jowar,2000.0,39.0179,3.0,48.41,2350.0
F05066,melonseed,183.8,18.2541,26.0,25.92,19575.0
F05067,chillies and peppers green,14713.0,28.9545,32.0,62.77,5860.0
F05068,brinjal,379.0,26.0543,8.0,31.7,1085.0
F05069,okra,9032.3,19.7421,11.0,10.24,1360.0
F05070,true hemp raw or retted,866.7,19.371,9.0,15.77,1375.0
F05071,raw milk of buffalo,8790.0,21.3514,4.0,47.17,4000.0
F05072,papayas,28851.8,29.5733,42.0,57.43,3900.0
F05073,sugar beet,61342.4,17.2203,98.0,65.62,4000.0
F05074,cocoa beans,275.2,19.9192,16.0,27.55,2476.0
F05075,yams,8366.3,39.0656,6.0,57.9,3060.0
F05076,lupins,1719.2,28.0927,6.0,49.58,2193.0
F05077,linseed,1134.9,28.8321,24.0,10.34,4100.0
F05078,cassava leaves,10000.0,22.9205,18.0,63.89,3120.0
F05079,ginger,1306.0,18.8334,5.0,42.98,4250.0
F05080,apricots,6412.9,27.8205,2.0,45.3,2275.0
F05081,okra,2830.1,17.0007,3.0,21.58,2392.5
F05082,other oil seeds n e c,1507.3,29.2441,28.0,65.98,5150.0
F05083,pears,10928.0,24.215,22.0,21.32,1575.0
F05084,soya beans,408.6,34.8981,14.0,28.66,2775.0
F05085,brinjal,16879.3,27.0277,12.0,36.7,1780.0
F05086,other citrus fruit n e c,10868.9,18.3136,20.0,28.81,6780.0
F05087,poppy seed,730.8,26.5272,9.0,51.55,6520.0
F05088,cauliflowers and broccoli,4368.2,24.4435,46.0,14.6,5300.0
